{
    "NE-COARSE-LIT": {
        "TIME-ALL": {
            "LED-ALL": {
                "PER": {
                    "partial": {
                        "correct": 1,
                        "incorrect": 0,
                        "partial": 2,
                        "missed": 10,
                        "spurious": 0,
                        "possible": 13,
                        "actual": 3,
                        "TP": 1,
                        "FP": 2,
                        "FN": 12,
                        "P_micro": 0.6666666666666666,
                        "R_micro": 0.15384615384615385,
                        "F1_micro": 0.25,
                        "P_macro_doc": 0.6666666666666666,
                        "R_macro_doc": 0.15384615384615385,
                        "F1_macro_doc": 0.25,
                        "P_macro_doc_std": 0.0,
                        "R_macro_doc_std": 0.0,
                        "F1_macro_doc_std": 0.0
                    },
                    "strict": {
                        "correct": 1,
                        "incorrect": 2,
                        "partial": 0,
                        "missed": 10,
                        "spurious": 0,
                        "possible": 13,
                        "actual": 3,
                        "TP": 1,
                        "FP": 2,
                        "FN": 12,
                        "P_micro": 0.3333333333333333,
                        "R_micro": 0.07692307692307693,
                        "F1_micro": 0.125,
                        "P_macro_doc": 0.3333333333333333,
                        "R_macro_doc": 0.07692307692307693,
                        "F1_macro_doc": 0.125,
                        "P_macro_doc_std": 0.0,
                        "R_macro_doc_std": 0.0,
                        "F1_macro_doc_std": 0.0
                    },
                    "ent_type": {
                        "correct": 1,
                        "incorrect": 2,
                        "partial": 0,
                        "missed": 10,
                        "spurious": 0,
                        "possible": 13,
                        "actual": 3,
                        "TP": 1,
                        "FP": 2,
                        "FN": 12,
                        "P_micro": 0.3333333333333333,
                        "R_micro": 0.07692307692307693,
                        "F1_micro": 0.125,
                        "P_macro_doc": 0.3333333333333333,
                        "R_macro_doc": 0.07692307692307693,
                        "F1_macro_doc": 0.125,
                        "P_macro_doc_std": 0.0,
                        "R_macro_doc_std": 0.0,
                        "F1_macro_doc_std": 0.0
                    },
                    "exact": {
                        "correct": 1,
                        "incorrect": 2,
                        "partial": 0,
                        "missed": 10,
                        "spurious": 0,
                        "possible": 13,
                        "actual": 3,
                        "TP": 1,
                        "FP": 2,
                        "FN": 12,
                        "P_micro": 0.3333333333333333,
                        "R_micro": 0.07692307692307693,
                        "F1_micro": 0.125,
                        "P_macro_doc": 0.3333333333333333,
                        "R_macro_doc": 0.07692307692307693,
                        "F1_macro_doc": 0.125,
                        "P_macro_doc_std": 0.0,
                        "R_macro_doc_std": 0.0,
                        "F1_macro_doc_std": 0.0
                    }
                },
                "OTH": {
                    "partial": {
                        "correct": 0,
                        "incorrect": 0,
                        "partial": 1,
                        "missed": 3,
                        "spurious": 2,
                        "possible": 4,
                        "actual": 3,
                        "TP": 0,
                        "FP": 3,
                        "FN": 4,
                        "P_micro": 0.16666666666666666,
                        "R_micro": 0.125,
                        "F1_micro": 0.14285714285714288,
                        "P_macro_doc": 0.16666666666666666,
                        "R_macro_doc": 0.125,
                        "F1_macro_doc": 0.14285714285714288,
                        "P_macro_doc_std": 0.0,
                        "R_macro_doc_std": 0.0,
                        "F1_macro_doc_std": 0.0
                    },
                    "strict": {
                        "correct": 0,
                        "incorrect": 1,
                        "partial": 0,
                        "missed": 3,
                        "spurious": 2,
                        "possible": 4,
                        "actual": 3,
                        "TP": 0,
                        "FP": 3,
                        "FN": 4,
                        "P_micro": 0.0,
                        "R_micro": 0.0,
                        "F1_micro": 0,
                        "P_macro_doc": 0.0,
                        "R_macro_doc": 0.0,
                        "F1_macro_doc": 0.0,
                        "P_macro_doc_std": 0.0,
                        "R_macro_doc_std": 0.0,
                        "F1_macro_doc_std": 0.0
                    },
                    "ent_type": {
                        "correct": 1,
                        "incorrect": 0,
                        "partial": 0,
                        "missed": 3,
                        "spurious": 2,
                        "possible": 4,
                        "actual": 3,
                        "TP": 1,
                        "FP": 2,
                        "FN": 3,
                        "P_micro": 0.3333333333333333,
                        "R_micro": 0.25,
                        "F1_micro": 0.28571428571428575,
                        "P_macro_doc": 0.3333333333333333,
                        "R_macro_doc": 0.25,
                        "F1_macro_doc": 0.28571428571428575,
                        "P_macro_doc_std": 0.0,
                        "R_macro_doc_std": 0.0,
                        "F1_macro_doc_std": 0.0
                    },
                    "exact": {
                        "correct": 0,
                        "incorrect": 1,
                        "partial": 0,
                        "missed": 3,
                        "spurious": 2,
                        "possible": 4,
                        "actual": 3,
                        "TP": 0,
                        "FP": 3,
                        "FN": 4,
                        "P_micro": 0.0,
                        "R_micro": 0.0,
                        "F1_micro": 0,
                        "P_macro_doc": 0.0,
                        "R_macro_doc": 0.0,
                        "F1_macro_doc": 0.0,
                        "P_macro_doc_std": 0.0,
                        "R_macro_doc_std": 0.0,
                        "F1_macro_doc_std": 0.0
                    }
                },
                "LOC": {
                    "partial": {
                        "correct": 0,
                        "incorrect": 0,
                        "partial": 1,
                        "missed": 0,
                        "spurious": 0,
                        "possible": 1,
                        "actual": 1,
                        "TP": 0,
                        "FP": 1,
                        "FN": 1,
                        "P_micro": 0.5,
                        "R_micro": 0.5,
                        "F1_micro": 0.5,
                        "P_macro_doc": 0.5,
                        "R_macro_doc": 0.5,
                        "F1_macro_doc": 0.5,
                        "P_macro_doc_std": 0.0,
                        "R_macro_doc_std": 0.0,
                        "F1_macro_doc_std": 0.0
                    },