{
    "NE-COARSE-LIT": {
        "TIME-ALL": {
            "LED-ALL": {
                "PER": {
                    "partial": {
                        "correct": 8,
                        "incorrect": 0,
                        "partial": 0,
                        "missed": 3,
                        "spurious": 1,
                        "possible": 11,
                        "actual": 9,
                        "TP": 8,
                        "FP": 1,
                        "FN": 3,
                        "P_micro": 0.8888888888888888,
                        "R_micro": 0.7272727272727273,
                        "F1_micro": 0.7999999999999999,
                        "P_macro_doc": 0.8888888888888888,
                        "R_macro_doc": 0.7272727272727273,
                        "F1_macro_doc": 0.7999999999999999,
                        "P_macro_doc_std": 0.0,
                        "R_macro_doc_std": 0.0,
                        "F1_macro_doc_std": 0.0
                    },
                    "strict": {
                        "correct": 8,
                        "incorrect": 0,
                        "partial": 0,
                        "missed": 3,
                        "spurious": 1,
                        "possible": 11,
                        "actual": 9,
                        "TP": 8,
                        "FP": 1,
                        "FN": 3,
                        "P_micro": 0.8888888888888888,
                        "R_micro": 0.7272727272727273,
                        "F1_micro": 0.7999999999999999,
                        "P_macro_doc": 0.8888888888888888,
                        "R_macro_doc": 0.7272727272727273,
                        "F1_macro_doc": 0.7999999999999999,
                        "P_macro_doc_std": 0.0,
                        "R_macro_doc_std": 0.0,
                        "F1_macro_doc_std": 0.0
                    },
                    "ent_type": {
                        "correct": 8,
                        "incorrect": 0,
                        "partial": 0,
                        "missed": 3,
                        "spurious": 1,
                        "possible": 11,
                        "actual": 9,
                        "TP": 8,
                        "FP": 1,
                        "FN": 3,
                        "P_micro": 0.8888888888888888,
                        "R_micro": 0.7272727272727273,
                        "F1_micro": 0.7999999999999999,
                        "P_macro_doc": 0.8888888888888888,
                        "R_macro_doc": 0.7272727272727273,
                        "F1_macro_doc": 0.7999999999999999,
                        "P_macro_doc_std": 0.0,
                        "R_macro_doc_std": 0.0,
                        "F1_macro_doc_std": 0.0
                    },
                    "exact": {
                        "correct": 8,
                        "incorrect": 0,
                        "partial": 0,
                        "missed": 3,
                        "spurious": 1,
                        "possible": 11,
                        "actual": 9,
                        "TP": 8,
                        "FP": 1,
                        "FN": 3,
                        "P_micro": 0.8888888888888888,
                        "R_micro": 0.7272727272727273,
                        "F1_micro": 0.7999999999999999,
                        "P_macro_doc": 0.8888888888888888,
                        "R_macro_doc": 0.7272727272727273,
                        "F1_macro_doc": 0.7999999999999999,
                        "P_macro_doc_std": 0.0,
                        "R_macro_doc_std": 0.0,
                        "F1_macro_doc_std": 0.0
                    }
                },
                "LOC": {
                    "partial": {
                        "correct": 0,
                        "incorrect": 0,
                        "partial": 0,
                        "missed": 1,
                        "spurious": 0,
                        "possible": 1,
                        "actual": 0,
                        "TP": 0,
                        "FP": 0,
                        "FN": 1,
                        "P_micro": 0,
                        "R_micro": 0.0,
                        "F1_micro": 0,
                        "P_macro_doc": null,
                        "R_macro_doc": 0.0,
                        "F1_macro_doc": null,
                        "P_macro_doc_std": null,
                        "R_macro_doc_std": 0.0,
                        "F1_macro_doc_std": null
                    },
                    "strict": {
                        "correct": 0,
                        "incorrect": 0,
                        "partial": 0,
                        "missed": 1,
                        "spurious": 0,
                        "possible": 1,
                        "actual": 0,
                        "TP": 0,
                        "FP": 0,
                        "FN": 1,
                        "P_micro": 0,
                        "R_micro": 0.0,
                        "F1_micro": 0,
                        "P_macro_doc": null,
                        "R_macro_doc": 0.0,
                        "F1_macro_doc": null,
                        "P_macro_doc_std": null,
                        "R_macro_doc_std": 0.0,
                        "F1_macro_doc_std": null
                    },
                    "ent_type": {
                        "correct": 0,
                        "incorrect": 0,
                        "partial": 0,
                        "missed": 1,
                        "spurious": 0,
                        "possible": 1,
                        "actual": 0,
                        "TP": 0,
                        "FP": 0,
                        "FN": 1,
                        "P_micro": 0,
                        "R_micro": 0.0,
                        "F1_micro": 0,
                        "P_macro_doc": null,
                        "R_macro_doc": 0.0,
                        "F1_macro_doc": null,
                        "P_macro_doc_std": null,
                        "R_macro_doc_std": 0.0,
                        "F1_macro_doc_std": null
                    },
                    "exact": {
                        "correct": 0,
                        "incorrect": 0,
                        "partial": 0,
                        "missed": 1,
                        "spurious": 0,
                        "possible": 1,
                        "actual": 0,
                        "TP": 0,
                        "FP": 0,
                        "FN": 1,
                        "P_micro": 0,
                        "R_micro": 0.0,
                        "F1_micro": 0,
                        "P_macro_doc": null,
                        "R_macro_doc": 0.0,
                        "F1_macro_doc": null,
                        "P_macro_doc_std": null,
                        "R_macro_doc_std": 0.0,
                        "F1_macro_doc_std": null
                    }
                },
                "ALL": {
                    "partial": {
                        "correct": 8,
                        "incorrect": 0,
                        "partial": 0,
                        "missed": 4,
                        "spurious": 1,
                        "possible": 12,
                        "actual": 9,
                        "TP": 8,
                        "FP": 1,
                        "FN": 4,
                        "P_micro": 0.8888888888888888,
                        "R_micro": 0.6666666666666666,
                        "F1_micro": 0.761904761904762,
                        "P_macro_doc": 0.8888888888888888,
                        "R_macro_doc": 0.6666666666666666,
                        "F1_macro_doc": 0.761904761904762,
                        "P_macro_doc_std": 0.0,
                        "R_macro_doc_std": 0.0,
                        "F1_macro_doc_std": 0.0,