{
    "NE-COARSE-LIT": {
        "TIME-ALL": {
            "LED-ALL": {
                "PER": {
                    "partial": {
                        "correct": 2,
                        "incorrect": 0,
                        "partial": 0,
                        "missed": 9,
                        "spurious": 1,
                        "possible": 11,
                        "actual": 3,
                        "TP": 2,
                        "FP": 1,
                        "FN": 9,
                        "P_micro": 0.6666666666666666,
                        "R_micro": 0.18181818181818182,
                        "F1_micro": 0.28571428571428575,
                        "P_macro_doc": 0.6666666666666666,
                        "R_macro_doc": 0.18181818181818182,
                        "F1_macro_doc": 0.28571428571428575,
                        "P_macro_doc_std": 0.0,
                        "R_macro_doc_std": 0.0,
                        "F1_macro_doc_std": 0.0
                    },
                    "strict": {
                        "correct": 2,
                        "incorrect": 0,
                        "partial": 0,
                        "missed": 9,
                        "spurious": 1,
                        "possible": 11,
                        "actual": 3,
                        "TP": 2,
                        "FP": 1,
                        "FN": 9,
                        "P_micro": 0.6666666666666666,
                        "R_micro": 0.18181818181818182,
                        "F1_micro": 0.28571428571428575,
                        "P_macro_doc": 0.6666666666666666,
                        "R_macro_doc": 0.18181818181818182,
                        "F1_macro_doc": 0.28571428571428575,
                        "P_macro_doc_std": 0.0,
                        "R_macro_doc_std": 0.0,
                        "F1_macro_doc_std": 0.0
                    },
                    "ent_type": {
                        "correct": 2,
                        "incorrect": 0,
                        "partial": 0,
                        "missed": 9,
                        "spurious": 1,
                        "possible": 11,
                        "actual": 3,
                        "TP": 2,
                        "FP": 1,
                        "FN": 9,
                        "P_micro": 0.6666666666666666,
                        "R_micro": 0.18181818181818182,
                        "F1_micro": 0.28571428571428575,
                        "P_macro_doc": 0.6666666666666666,
                        "R_macro_doc": 0.18181818181818182,
                        "F1_macro_doc": 0.28571428571428575,
                        "P_macro_doc_std": 0.0,
                        "R_macro_doc_std": 0.0,
                        "F1_macro_doc_std": 0.0
                    },
                    "exact": {
                        "correct": 2,
                        "incorrect": 0,
                        "partial": 0,
                        "missed": 9,
                        "spurious": 1,
                        "possible": 11,
                        "actual": 3,
                        "TP": 2,
                        "FP": 1,
                        "FN": 9,
                        "P_micro": 0.6666666666666666,
                        "R_micro": 0.18181818181818182,
                        "F1_micro": 0.28571428571428575,
                        "P_macro_doc": 0.6666666666666666,
                        "R_macro_doc": 0.18181818181818182,
                        "F1_macro_doc": 0.28571428571428575,
                        "P_macro_doc_std": 0.0,
                        "R_macro_doc_std": 0.0,
                        "F1_macro_doc_std": 0.0
                    }
                },
                "LOC": {
                    "partial": {
                        "correct": 0,
                        "incorrect": 0,
                        "partial": 0,
                        "missed": 1,
                        "spurious": 0,
                        "possible": 1,
                        "actual": 0,
                        "TP": 0,
                        "FP": 0,
                        "FN": 1,
                        "P_micro": 0,
                        "R_micro": 0.0,
                        "F1_micro": 0,
                        "P_macro_doc": null,
                        "R_macro_doc": 0.0,
                        "F1_macro_doc": null,
                        "P_macro_doc_std": null,
                        "R_macro_doc_std": 0.0,
                        "F1_macro_doc_std": null
                    },
                    "strict": {
                        "correct": 0,
                        "incorrect": 0,
                        "partial": 0,
                        "missed": 1,
                        "spurious": 0,
                        "possible": 1,
                        "actual": 0,
                        "TP": 0,
                        "FP": 0,
                        "FN": 1,
                        "P_micro": 0,
                        "R_micro": 0.0,
                        "F1_micro": 0,
                        "P_macro_doc": null,
                        "R_macro_doc": 0.0,
                        "F1_macro_doc": null,
                        "P_macro_doc_std": null,
                        "R_macro_doc_std": 0.0,
                        "F1_macro_doc_std": null
                    },
                    "ent_type": {
                        "correct": 0,
                        "incorrect": 0,
                        "partial": 0,
                        "missed": 1,
                        "spurious": 0,
                        "possible": 1,
                        "actual": 0,
                        "TP": 0,
                        "FP": 0,
                        "FN": 1,
                        "P_micro": 0,
                        "R_micro": 0.0,
                        "F1_micro": 0,
                        "P_macro_doc": null,
                        "R_macro_doc": 0.0,
                        "F1_macro_doc": null,
                        "P_macro_doc_std": null,
                        "R_macro_doc_std": 0.0,
                        "F1_macro_doc_std": null
                    },
                    "exact": {
                        "correct": 0,
                        "incorrect": 0,
                        "partial": 0,
                        "missed": 1,
                        "spurious": 0,
                        "possible": 1,
                        "actual": 0,
                        "TP": 0,
                        "FP": 0,
                        "FN": 1,
                        "P_micro": 0,
                        "R_micro": 0.0,
                        "F1_micro": 0,
                        "P_macro_doc": null,
                        "R_macro_doc": 0.0,
                        "F1_macro_doc": null,
                        "P_macro_doc_std": null,
                        "R_macro_doc_std": 0.0,
                        "F1_macro_doc_std": null
                    }
                },
                "ALL": {
                    "partial": {
                        "correct": 2,
                        "incorrect": 0,
                        "partial": 0,
                        "missed": 10,
                        "spurious": 1,
                        "possible": 12,
                        "actual": 3,
                        "TP": 2,
                        "FP": 1,
                        "FN": 10,
                        "P_micro": 0.6666666666666666,
                        "R_micro": 0.16666666666666666,
                        "F1_micro": 0.26666666666666666,
                        "P_macro_doc": 0.6666666666666666,
                        "R_macro_doc": 0.16666666666666666,
                        "F1_macro_doc": 0.26666666666666666,
                        "P_macro_doc_std": 0.0,
                        "R_macro_doc_std": 0.0,