{
    "NE-COARSE-LIT": {
        "TIME-ALL": {
            "LED-ALL": {
                "PER": {
                    "partial": {
                        "correct": 2,
                        "incorrect": 0,
                        "partial": 0,
                        "missed": 4,
                        "spurious": 1,
                        "possible": 6,
                        "actual": 3,
                        "TP": 2,
                        "FP": 1,
                        "FN": 4,
                        "P_micro": 0.6666666666666666,
                        "R_micro": 0.3333333333333333,
                        "F1_micro": 0.4444444444444444,
                        "P_macro_doc": 0.6666666666666666,
                        "R_macro_doc": 0.3333333333333333,
                        "F1_macro_doc": 0.4444444444444444,
                        "P_macro_doc_std": 0.0,
                        "R_macro_doc_std": 0.0,
                        "F1_macro_doc_std": 0.0
                    },
                    "strict": {
                        "correct": 2,
                        "incorrect": 0,
                        "partial": 0,
                        "missed": 4,
                        "spurious": 1,
                        "possible": 6,
                        "actual": 3,
                        "TP": 2,
                        "FP": 1,
                        "FN": 4,
                        "P_micro": 0.6666666666666666,
                        "R_micro": 0.3333333333333333,
                        "F1_micro": 0.4444444444444444,
                        "P_macro_doc": 0.6666666666666666,
                        "R_macro_doc": 0.3333333333333333,
                        "F1_macro_doc": 0.4444444444444444,
                        "P_macro_doc_std": 0.0,
                        "R_macro_doc_std": 0.0,
                        "F1_macro_doc_std": 0.0
                    },
                    "ent_type": {
                        "correct": 2,
                        "incorrect": 0,
                        "partial": 0,
                        "missed": 4,
                        "spurious": 1,
                        "possible": 6,
                        "actual": 3,
                        "TP": 2,
                        "FP": 1,
                        "FN": 4,
                        "P_micro": 0.6666666666666666,
                        "R_micro": 0.3333333333333333,
                        "F1_micro": 0.4444444444444444,
                        "P_macro_doc": 0.6666666666666666,
                        "R_macro_doc": 0.3333333333333333,
                        "F1_macro_doc": 0.4444444444444444,
                        "P_macro_doc_std": 0.0,
                        "R_macro_doc_std": 0.0,
                        "F1_macro_doc_std": 0.0
                    },
                    "exact": {
                        "correct": 2,
                        "incorrect": 0,
                        "partial": 0,
                        "missed": 4,
                        "spurious": 1,
                        "possible": 6,
                        "actual": 3,
                        "TP": 2,
                        "FP": 1,
                        "FN": 4,
                        "P_micro": 0.6666666666666666,
                        "R_micro": 0.3333333333333333,
                        "F1_micro": 0.4444444444444444,
                        "P_macro_doc": 0.6666666666666666,
                        "R_macro_doc": 0.3333333333333333,
                        "F1_macro_doc": 0.4444444444444444,
                        "P_macro_doc_std": 0.0,
                        "R_macro_doc_std": 0.0,
                        "F1_macro_doc_std": 0.0
                    }
                },
                "LOC": {
                    "partial": {
                        "correct": 0,
                        "incorrect": 0,
                        "partial": 0,
                        "missed": 2,
                        "spurious": 0,
                        "possible": 2,
                        "actual": 0,
                        "TP": 0,
                        "FP": 0,
                        "FN": 2,
                        "P_micro": 0,
                        "R_micro": 0.0,
                        "F1_micro": 0,
                        "P_macro_doc": null,
                        "R_macro_doc": 0.0,
                        "F1_macro_doc": null,
                        "P_macro_doc_std": null,
                        "R_macro_doc_std": 0.0,
                        "F1_macro_doc_std": null
                    },
                    "strict": {
                        "correct": 0,
                        "incorrect": 0,
                        "partial": 0,
                        "missed": 2,
                        "spurious": 0,
                        "possible": 2,
                        "actual": 0,
                        "TP": 0,
                        "FP": 0,
                        "FN": 2,
                        "P_micro": 0,
                        "R_micro": 0.0,
                        "F1_micro": 0,
                        "P_macro_doc": null,
                        "R_macro_doc": 0.0,
                        "F1_macro_doc": null,
                        "P_macro_doc_std": null,
                        "R_macro_doc_std": 0.0,
                        "F1_macro_doc_std": null
                    },
                    "ent_type": {
                        "correct": 0,
                        "incorrect": 0,
                        "partial": 0,
                        "missed": 2,
                        "spurious": 0,
                        "possible": 2,
                        "actual": 0,
                        "TP": 0,
                        "FP": 0,
                        "FN": 2,
                        "P_micro": 0,
                        "R_micro": 0.0,
                        "F1_micro": 0,
                        "P_macro_doc": null,
                        "R_macro_doc": 0.0,
                        "F1_macro_doc": null,
                        "P_macro_doc_std": null,
                        "R_macro_doc_std": 0.0,
                        "F1_macro_doc_std": null
                    },
                    "exact": {
                        "correct": 0,
                        "incorrect": 0,
                        "partial": 0,
                        "missed": 2,
                        "spurious": 0,
                        "possible": 2,
                        "actual": 0,
                        "TP": 0,
                        "FP": 0,
                        "FN": 2,
                        "P_micro": 0,
                        "R_micro": 0.0,
                        "F1_micro": 0,
                        "P_macro_doc": null,
                        "R_macro_doc": 0.0,
                        "F1_macro_doc": null,
                        "P_macro_doc_std": null,
                        "R_macro_doc_std": 0.0,
                        "F1_macro_doc_std": null
                    }
                },
                "ALL": {
                    "partial": {
                        "correct": 2,
                        "incorrect": 0,
                        "partial": 0,
                        "missed": 6,
                        "spurious": 1,
                        "possible": 8,
                        "actual": 3,
                        "TP": 2,
                        "FP": 1,
                        "FN": 6,
                        "P_micro": 0.6666666666666666,
                        "R_micro": 0.25,
                        "F1_micro": 0.36363636363636365,
                        "P_macro_doc": 0.6666666666666666,
                        "R_macro_doc": 0.25,
                        "F1_macro_doc": 0.36363636363636365,
                        "P_macro_doc_std": 0.0,
                        "R_macro_doc_std": 0.0,
                        "F1_macro_doc_std": 0.0,