{
    "NE-COARSE-LIT": {
        "TIME-ALL": {
            "LED-ALL": {
                "OTH": {
                    "partial": {
                        "correct": 2,
                        "incorrect": 0,
                        "partial": 0,
                        "missed": 1,
                        "spurious": 1,
                        "possible": 3,
                        "actual": 3,
                        "TP": 2,
                        "FP": 1,
                        "FN": 1,
                        "P_micro": 0.6666666666666666,
                        "R_micro": 0.6666666666666666,
                        "F1_micro": 0.6666666666666666,
                        "P_macro_doc": 0.6666666666666666,
                        "R_macro_doc": 0.6666666666666666,
                        "F1_macro_doc": 0.6666666666666666,
                        "P_macro_doc_std": 0.0,
                        "R_macro_doc_std": 0.0,
                        "F1_macro_doc_std": 0.0
                    },
                    "strict": {
                        "correct": 2,
                        "incorrect": 0,
                        "partial": 0,
                        "missed": 1,
                        "spurious": 1,
                        "possible": 3,
                        "actual": 3,
                        "TP": 2,
                        "FP": 1,
                        "FN": 1,
                        "P_micro": 0.6666666666666666,
                        "R_micro": 0.6666666666666666,
                        "F1_micro": 0.6666666666666666,
                        "P_macro_doc": 0.6666666666666666,
                        "R_macro_doc": 0.6666666666666666,
                        "F1_macro_doc": 0.6666666666666666,
                        "P_macro_doc_std": 0.0,
                        "R_macro_doc_std": 0.0,
                        "F1_macro_doc_std": 0.0
                    },
                    "ent_type": {
                        "correct": 2,
                        "incorrect": 0,
                        "partial": 0,
                        "missed": 1,
                        "spurious": 1,
                        "possible": 3,
                        "actual": 3,
                        "TP": 2,
                        "FP": 1,
                        "FN": 1,
                        "P_micro": 0.6666666666666666,
                        "R_micro": 0.6666666666666666,
                        "F1_micro": 0.6666666666666666,
                        "P_macro_doc": 0.6666666666666666,
                        "R_macro_doc": 0.6666666666666666,
                        "F1_macro_doc": 0.6666666666666666,
                        "P_macro_doc_std": 0.0,
                        "R_macro_doc_std": 0.0,
                        "F1_macro_doc_std": 0.0
                    },
                    "exact": {
                        "correct": 2,
                        "incorrect": 0,
                        "partial": 0,
                        "missed": 1,
                        "spurious": 1,
                        "possible": 3,
                        "actual": 3,
                        "TP": 2,
                        "FP": 1,
                        "FN": 1,
                        "P_micro": 0.6666666666666666,
                        "R_micro": 0.6666666666666666,
                        "F1_micro": 0.6666666666666666,
                        "P_macro_doc": 0.6666666666666666,
                        "R_macro_doc": 0.6666666666666666,
                        "F1_macro_doc": 0.6666666666666666,
                        "P_macro_doc_std": 0.0,
                        "R_macro_doc_std": 0.0,
                        "F1_macro_doc_std": 0.0
                    }
                },
                "PER": {
                    "partial": {
                        "correct": 5,
                        "incorrect": 0,
                        "partial": 0,
                        "missed": 3,
                        "spurious": 1,
                        "possible": 8,
                        "actual": 6,
                        "TP": 5,
                        "FP": 1,
                        "FN": 3,
                        "P_micro": 0.8333333333333334,
                        "R_micro": 0.625,
                        "F1_micro": 0.7142857142857143,
                        "P_macro_doc": 0.8333333333333334,
                        "R_macro_doc": 0.625,
                        "F1_macro_doc": 0.7142857142857143,
                        "P_macro_doc_std": 0.0,
                        "R_macro_doc_std": 0.0,
                        "F1_macro_doc_std": 0.0
                    },
                    "strict": {
                        "correct": 5,
                        "incorrect": 0,
                        "partial": 0,
                        "missed": 3,
                        "spurious": 1,
                        "possible": 8,
                        "actual": 6,
                        "TP": 5,
                        "FP": 1,
                        "FN": 3,
                        "P_micro": 0.8333333333333334,
                        "R_micro": 0.625,
                        "F1_micro": 0.7142857142857143,
                        "P_macro_doc": 0.8333333333333334,
                        "R_macro_doc": 0.625,
                        "F1_macro_doc": 0.7142857142857143,
                        "P_macro_doc_std": 0.0,
                        "R_macro_doc_std": 0.0,
                        "F1_macro_doc_std": 0.0
                    },
                    "ent_type": {
                        "correct": 5,
                        "incorrect": 0,
                        "partial": 0,
                        "missed": 3,
                        "spurious": 1,
                        "possible": 8,
                        "actual": 6,
                        "TP": 5,
                        "FP": 1,
                        "FN": 3,
                        "P_micro": 0.8333333333333334,
                        "R_micro": 0.625,
                        "F1_micro": 0.7142857142857143,
                        "P_macro_doc": 0.8333333333333334,
                        "R_macro_doc": 0.625,
                        "F1_macro_doc": 0.7142857142857143,
                        "P_macro_doc_std": 0.0,
                        "R_macro_doc_std": 0.0,
                        "F1_macro_doc_std": 0.0
                    },
                    "exact": {
                        "correct": 5,
                        "incorrect": 0,
                        "partial": 0,
                        "missed": 3,
                        "spurious": 1,
                        "possible": 8,
                        "actual": 6,
                        "TP": 5,
                        "FP": 1,
                        "FN": 3,
                        "P_micro": 0.8333333333333334,
                        "R_micro": 0.625,
                        "F1_micro": 0.7142857142857143,
                        "P_macro_doc": 0.8333333333333334,
                        "R_macro_doc": 0.625,
                        "F1_macro_doc": 0.7142857142857143,
                        "P_macro_doc_std": 0.0,
                        "R_macro_doc_std": 0.0,
                        "F1_macro_doc_std": 0.0
                    }
                },
                "LOC": {
                    "partial": {
                        "correct": 0,
                        "incorrect": 0,
                        "partial": 0,
                        "missed": 2,
                        "spurious": 0,
                        "possible": 2,
                        "actual": 0,
                        "TP": 0,
                        "FP": 0,
                        "FN": 2,
                        "P_micro": 0,
                        "R_micro": 0.0,
                        "F1_micro": 0,
                        "P_macro_doc": null,
                        "R_macro_doc": 0.0,