{
    "NE-COARSE-LIT": {
        "TIME-ALL": {
            "LED-ALL": {
                "PER": {
                    "partial": {
                        "correct": 10,
                        "incorrect": 0,
                        "partial": 4,
                        "missed": 3,
                        "spurious": 1,
                        "possible": 17,
                        "actual": 15,
                        "TP": 10,
                        "FP": 5,
                        "FN": 7,
                        "P_micro": 0.8,
                        "R_micro": 0.7058823529411765,
                        "F1_micro": 0.7500000000000001,
                        "P_macro_doc": 0.8,
                        "R_macro_doc": 0.7058823529411765,
                        "F1_macro_doc": 0.7500000000000001,
                        "P_macro_doc_std": 0.0,
                        "R_macro_doc_std": 0.0,
                        "F1_macro_doc_std": 0.0
                    },
                    "strict": {
                        "correct": 10,
                        "incorrect": 4,
                        "partial": 0,
                        "missed": 3,
                        "spurious": 1,
                        "possible": 17,
                        "actual": 15,
                        "TP": 10,
                        "FP": 5,
                        "FN": 7,
                        "P_micro": 0.6666666666666666,
                        "R_micro": 0.5882352941176471,
                        "F1_micro": 0.625,
                        "P_macro_doc": 0.6666666666666666,
                        "R_macro_doc": 0.5882352941176471,
                        "F1_macro_doc": 0.625,
                        "P_macro_doc_std": 0.0,
                        "R_macro_doc_std": 0.0,
                        "F1_macro_doc_std": 0.0
                    },
                    "ent_type": {
                        "correct": 14,
                        "incorrect": 0,
                        "partial": 0,
                        "missed": 3,
                        "spurious": 1,
                        "possible": 17,
                        "actual": 15,
                        "TP": 14,
                        "FP": 1,
                        "FN": 3,
                        "P_micro": 0.9333333333333333,
                        "R_micro": 0.8235294117647058,
                        "F1_micro": 0.8749999999999999,
                        "P_macro_doc": 0.9333333333333333,
                        "R_macro_doc": 0.8235294117647058,
                        "F1_macro_doc": 0.8749999999999999,
                        "P_macro_doc_std": 0.0,
                        "R_macro_doc_std": 0.0,
                        "F1_macro_doc_std": 0.0
                    },
                    "exact": {
                        "correct": 10,
                        "incorrect": 4,
                        "partial": 0,
                        "missed": 3,
                        "spurious": 1,
                        "possible": 17,
                        "actual": 15,
                        "TP": 10,
                        "FP": 5,
                        "FN": 7,
                        "P_micro": 0.6666666666666666,
                        "R_micro": 0.5882352941176471,
                        "F1_micro": 0.625,
                        "P_macro_doc": 0.6666666666666666,
                        "R_macro_doc": 0.5882352941176471,
                        "F1_macro_doc": 0.625,
                        "P_macro_doc_std": 0.0,
                        "R_macro_doc_std": 0.0,
                        "F1_macro_doc_std": 0.0
                    }
                },
                "LOC": {
                    "partial": {
                        "correct": 1,
                        "incorrect": 0,
                        "partial": 0,
                        "missed": 1,
                        "spurious": 0,
                        "possible": 2,
                        "actual": 1,
                        "TP": 1,
                        "FP": 0,
                        "FN": 1,
                        "P_micro": 1.0,
                        "R_micro": 0.5,
                        "F1_micro": 0.6666666666666666,
                        "P_macro_doc": 1.0,
                        "R_macro_doc": 0.5,
                        "F1_macro_doc": 0.6666666666666666,
                        "P_macro_doc_std": 0.0,
                        "R_macro_doc_std": 0.0,
                        "F1_macro_doc_std": 0.0
                    },
                    "strict": {
                        "correct": 1,
                        "incorrect": 0,
                        "partial": 0,
                        "missed": 1,
                        "spurious": 0,
                        "possible": 2,
                        "actual": 1,
                        "TP": 1,
                        "FP": 0,
                        "FN": 1,
                        "P_micro": 1.0,
                        "R_micro": 0.5,
                        "F1_micro": 0.6666666666666666,
                        "P_macro_doc": 1.0,
                        "R_macro_doc": 0.5,
                        "F1_macro_doc": 0.6666666666666666,
                        "P_macro_doc_std": 0.0,
                        "R_macro_doc_std": 0.0,
                        "F1_macro_doc_std": 0.0
                    },
                    "ent_type": {
                        "correct": 1,
                        "incorrect": 0,
                        "partial": 0,
                        "missed": 1,
                        "spurious": 0,
                        "possible": 2,
                        "actual": 1,
                        "TP": 1,
                        "FP": 0,
                        "FN": 1,
                        "P_micro": 1.0,
                        "R_micro": 0.5,
                        "F1_micro": 0.6666666666666666,
                        "P_macro_doc": 1.0,
                        "R_macro_doc": 0.5,
                        "F1_macro_doc": 0.6666666666666666,
                        "P_macro_doc_std": 0.0,
                        "R_macro_doc_std": 0.0,
                        "F1_macro_doc_std": 0.0
                    },
                    "exact": {
                        "correct": 1,
                        "incorrect": 0,
                        "partial": 0,
                        "missed": 1,
                        "spurious": 0,
                        "possible": 2,
                        "actual": 1,
                        "TP": 1,
                        "FP": 0,
                        "FN": 1,
                        "P_micro": 1.0,
                        "R_micro": 0.5,
                        "F1_micro": 0.6666666666666666,
                        "P_macro_doc": 1.0,
                        "R_macro_doc": 0.5,
                        "F1_macro_doc": 0.6666666666666666,
                        "P_macro_doc_std": 0.0,
                        "R_macro_doc_std": 0.0,
                        "F1_macro_doc_std": 0.0
                    }
                },
                "OTH": {
                    "partial": {
                        "correct": 0,
                        "incorrect": 0,
                        "partial": 0,
                        "missed": 4,
                        "spurious": 0,
                        "possible": 4,
                        "actual": 0,
                        "TP": 0,
                        "FP": 0,
                        "FN": 4,
                        "P_micro": 0,
                        "R_micro": 0.0,
                        "F1_micro": 0,
                        "P_macro_doc": null,
                        "R_macro_doc": 0.0,
                        "F1_macro_doc": null,
                        "P_macro_doc_std": null,
                        "R_macro_doc_std": 0.0,
                        "F1_macro_doc_std": null
                    },