{
    "NE-COARSE-LIT": {
        "TIME-ALL": {
            "LED-ALL": {
                "PER": {
                    "partial": {
                        "correct": 4,
                        "incorrect": 0,
                        "partial": 2,
                        "missed": 17,
                        "spurious": 3,
                        "possible": 23,
                        "actual": 9,
                        "TP": 4,
                        "FP": 5,
                        "FN": 19,
                        "P_micro": 0.5555555555555556,
                        "R_micro": 0.21739130434782608,
                        "F1_micro": 0.3125,
                        "P_macro_doc": 0.5555555555555556,
                        "R_macro_doc": 0.21739130434782608,
                        "F1_macro_doc": 0.3125,
                        "P_macro_doc_std": 0.0,
                        "R_macro_doc_std": 0.0,
                        "F1_macro_doc_std": 0.0
                    },
                    "strict": {
                        "correct": 4,
                        "incorrect": 2,
                        "partial": 0,
                        "missed": 17,
                        "spurious": 3,
                        "possible": 23,
                        "actual": 9,
                        "TP": 4,
                        "FP": 5,
                        "FN": 19,
                        "P_micro": 0.4444444444444444,
                        "R_micro": 0.17391304347826086,
                        "F1_micro": 0.25,
                        "P_macro_doc": 0.4444444444444444,
                        "R_macro_doc": 0.17391304347826086,
                        "F1_macro_doc": 0.25,
                        "P_macro_doc_std": 0.0,
                        "R_macro_doc_std": 0.0,
                        "F1_macro_doc_std": 0.0
                    },
                    "ent_type": {
                        "correct": 6,
                        "incorrect": 0,
                        "partial": 0,
                        "missed": 17,
                        "spurious": 3,
                        "possible": 23,
                        "actual": 9,
                        "TP": 6,
                        "FP": 3,
                        "FN": 17,
                        "P_micro": 0.6666666666666666,
                        "R_micro": 0.2608695652173913,
                        "F1_micro": 0.37500000000000006,
                        "P_macro_doc": 0.6666666666666666,
                        "R_macro_doc": 0.2608695652173913,
                        "F1_macro_doc": 0.37500000000000006,
                        "P_macro_doc_std": 0.0,
                        "R_macro_doc_std": 0.0,
                        "F1_macro_doc_std": 0.0
                    },
                    "exact": {
                        "correct": 4,
                        "incorrect": 2,
                        "partial": 0,
                        "missed": 17,
                        "spurious": 3,
                        "possible": 23,
                        "actual": 9,
                        "TP": 4,
                        "FP": 5,
                        "FN": 19,
                        "P_micro": 0.4444444444444444,
                        "R_micro": 0.17391304347826086,
                        "F1_micro": 0.25,
                        "P_macro_doc": 0.4444444444444444,
                        "R_macro_doc": 0.17391304347826086,
                        "F1_macro_doc": 0.25,
                        "P_macro_doc_std": 0.0,
                        "R_macro_doc_std": 0.0,
                        "F1_macro_doc_std": 0.0
                    }
                },
                "LOC": {
                    "partial": {
                        "correct": 3,
                        "incorrect": 0,
                        "partial": 0,
                        "missed": 4,
                        "spurious": 1,
                        "possible": 7,
                        "actual": 4,
                        "TP": 3,
                        "FP": 1,
                        "FN": 4,
                        "P_micro": 0.75,
                        "R_micro": 0.42857142857142855,
                        "F1_micro": 0.5454545454545454,
                        "P_macro_doc": 0.75,
                        "R_macro_doc": 0.42857142857142855,
                        "F1_macro_doc": 0.5454545454545454,
                        "P_macro_doc_std": 0.0,
                        "R_macro_doc_std": 0.0,
                        "F1_macro_doc_std": 0.0
                    },
                    "strict": {
                        "correct": 3,
                        "incorrect": 0,
                        "partial": 0,
                        "missed": 4,
                        "spurious": 1,
                        "possible": 7,
                        "actual": 4,
                        "TP": 3,
                        "FP": 1,
                        "FN": 4,
                        "P_micro": 0.75,
                        "R_micro": 0.42857142857142855,
                        "F1_micro": 0.5454545454545454,
                        "P_macro_doc": 0.75,
                        "R_macro_doc": 0.42857142857142855,
                        "F1_macro_doc": 0.5454545454545454,
                        "P_macro_doc_std": 0.0,
                        "R_macro_doc_std": 0.0,
                        "F1_macro_doc_std": 0.0
                    },
                    "ent_type": {
                        "correct": 3,
                        "incorrect": 0,
                        "partial": 0,
                        "missed": 4,
                        "spurious": 1,
                        "possible": 7,
                        "actual": 4,
                        "TP": 3,
                        "FP": 1,
                        "FN": 4,
                        "P_micro": 0.75,
                        "R_micro": 0.42857142857142855,
                        "F1_micro": 0.5454545454545454,
                        "P_macro_doc": 0.75,
                        "R_macro_doc": 0.42857142857142855,
                        "F1_macro_doc": 0.5454545454545454,
                        "P_macro_doc_std": 0.0,
                        "R_macro_doc_std": 0.0,
                        "F1_macro_doc_std": 0.0
                    },
                    "exact": {
                        "correct": 3,
                        "incorrect": 0,
                        "partial": 0,
                        "missed": 4,
                        "spurious": 1,
                        "possible": 7,
                        "actual": 4,
                        "TP": 3,
                        "FP": 1,
                        "FN": 4,
                        "P_micro": 0.75,
                        "R_micro": 0.42857142857142855,
                        "F1_micro": 0.5454545454545454,
                        "P_macro_doc": 0.75,
                        "R_macro_doc": 0.42857142857142855,
                        "F1_macro_doc": 0.5454545454545454,
                        "P_macro_doc_std": 0.0,
                        "R_macro_doc_std": 0.0,
                        "F1_macro_doc_std": 0.0
                    }
                },
                "OTH": {
                    "partial": {
                        "correct": 1,
                        "incorrect": 0,
                        "partial": 0,
                        "missed": 8,
                        "spurious": 1,
                        "possible": 9,
                        "actual": 2,
                        "TP": 1,
                        "FP": 1,
                        "FN": 8,
                        "P_micro": 0.5,
                        "R_micro": 0.1111111111111111,
                        "F1_micro": 0.1818181818181818,
                        "P_macro_doc": 0.5,
                        "R_macro_doc": 0.1111111111111111,