{
    "NE-COARSE-LIT": {
        "TIME-ALL": {
            "LED-ALL": {
                "OTH": {
                    "partial": {
                        "correct": 1,
                        "incorrect": 0,
                        "partial": 0,
                        "missed": 1,
                        "spurious": 8,
                        "possible": 2,
                        "actual": 9,
                        "TP": 1,
                        "FP": 8,
                        "FN": 1,
                        "P_micro": 0.1111111111111111,
                        "R_micro": 0.5,
                        "F1_micro": 0.1818181818181818,
                        "P_macro_doc": 0.1111111111111111,
                        "R_macro_doc": 0.5,
                        "F1_macro_doc": 0.1818181818181818,
                        "P_macro_doc_std": 0.0,
                        "R_macro_doc_std": 0.0,
                        "F1_macro_doc_std": 0.0
                    },
                    "strict": {
                        "correct": 1,
                        "incorrect": 0,
                        "partial": 0,
                        "missed": 1,
                        "spurious": 8,
                        "possible": 2,
                        "actual": 9,
                        "TP": 1,
                        "FP": 8,
                        "FN": 1,
                        "P_micro": 0.1111111111111111,
                        "R_micro": 0.5,
                        "F1_micro": 0.1818181818181818,
                        "P_macro_doc": 0.1111111111111111,
                        "R_macro_doc": 0.5,
                        "F1_macro_doc": 0.1818181818181818,
                        "P_macro_doc_std": 0.0,
                        "R_macro_doc_std": 0.0,
                        "F1_macro_doc_std": 0.0
                    },
                    "ent_type": {
                        "correct": 1,
                        "incorrect": 0,
                        "partial": 0,
                        "missed": 1,
                        "spurious": 8,
                        "possible": 2,
                        "actual": 9,
                        "TP": 1,
                        "FP": 8,
                        "FN": 1,
                        "P_micro": 0.1111111111111111,
                        "R_micro": 0.5,
                        "F1_micro": 0.1818181818181818,
                        "P_macro_doc": 0.1111111111111111,
                        "R_macro_doc": 0.5,
                        "F1_macro_doc": 0.1818181818181818,
                        "P_macro_doc_std": 0.0,
                        "R_macro_doc_std": 0.0,
                        "F1_macro_doc_std": 0.0
                    },
                    "exact": {
                        "correct": 1,
                        "incorrect": 0,
                        "partial": 0,
                        "missed": 1,
                        "spurious": 8,
                        "possible": 2,
                        "actual": 9,
                        "TP": 1,
                        "FP": 8,
                        "FN": 1,
                        "P_micro": 0.1111111111111111,
                        "R_micro": 0.5,
                        "F1_micro": 0.1818181818181818,
                        "P_macro_doc": 0.1111111111111111,
                        "R_macro_doc": 0.5,
                        "F1_macro_doc": 0.1818181818181818,
                        "P_macro_doc_std": 0.0,
                        "R_macro_doc_std": 0.0,
                        "F1_macro_doc_std": 0.0
                    }
                },
                "PER": {
                    "partial": {
                        "correct": 2,
                        "incorrect": 0,
                        "partial": 1,
                        "missed": 0,
                        "spurious": 0,
                        "possible": 3,
                        "actual": 3,
                        "TP": 2,
                        "FP": 1,
                        "FN": 1,
                        "P_micro": 0.8333333333333334,
                        "R_micro": 0.8333333333333334,
                        "F1_micro": 0.8333333333333334,
                        "P_macro_doc": 0.8333333333333334,
                        "R_macro_doc": 0.8333333333333334,
                        "F1_macro_doc": 0.8333333333333334,
                        "P_macro_doc_std": 0.0,
                        "R_macro_doc_std": 0.0,
                        "F1_macro_doc_std": 0.0
                    },
                    "strict": {
                        "correct": 2,
                        "incorrect": 1,
                        "partial": 0,
                        "missed": 0,
                        "spurious": 0,
                        "possible": 3,
                        "actual": 3,
                        "TP": 2,
                        "FP": 1,
                        "FN": 1,
                        "P_micro": 0.6666666666666666,
                        "R_micro": 0.6666666666666666,
                        "F1_micro": 0.6666666666666666,
                        "P_macro_doc": 0.6666666666666666,
                        "R_macro_doc": 0.6666666666666666,
                        "F1_macro_doc": 0.6666666666666666,
                        "P_macro_doc_std": 0.0,
                        "R_macro_doc_std": 0.0,
                        "F1_macro_doc_std": 0.0
                    },
                    "ent_type": {
                        "correct": 3,
                        "incorrect": 0,
                        "partial": 0,
                        "missed": 0,
                        "spurious": 0,
                        "possible": 3,
                        "actual": 3,
                        "TP": 3,
                        "FP": 0,
                        "FN": 0,
                        "P_micro": 1.0,
                        "R_micro": 1.0,
                        "F1_micro": 1.0,
                        "P_macro_doc": 1.0,
                        "R_macro_doc": 1.0,
                        "F1_macro_doc": 1.0,
                        "P_macro_doc_std": 0.0,
                        "R_macro_doc_std": 0.0,
                        "F1_macro_doc_std": 0.0
                    },
                    "exact": {
                        "correct": 2,
                        "incorrect": 1,
                        "partial": 0,
                        "missed": 0,
                        "spurious": 0,
                        "possible": 3,
                        "actual": 3,
                        "TP": 2,
                        "FP": 1,
                        "FN": 1,
                        "P_micro": 0.6666666666666666,
                        "R_micro": 0.6666666666666666,
                        "F1_micro": 0.6666666666666666,
                        "P_macro_doc": 0.6666666666666666,
                        "R_macro_doc": 0.6666666666666666,
                        "F1_macro_doc": 0.6666666666666666,
                        "P_macro_doc_std": 0.0,
                        "R_macro_doc_std": 0.0,
                        "F1_macro_doc_std": 0.0
                    }
                },
                "LOC": {
                    "partial": {
                        "correct": 0,
                        "incorrect": 0,
                        "partial": 0,
                        "missed": 1,
                        "spurious": 0,
                        "possible": 1,
                        "actual": 0,
                        "TP": 0,
                        "FP": 0,
                        "FN": 1,
                        "P_micro": 0,
                        "R_micro": 0.0,
                        "F1_micro": 0,
                        "P_macro_doc": null,
                        "R_macro_doc": 0.0,
                        "F1_macro_doc": null,
                        "P_macro_doc_std": null,