{
    "NE-COARSE-LIT": {
        "TIME-ALL": {
            "LED-ALL": {
                "OTH": {
                    "partial": {
                        "correct": 1,
                        "incorrect": 0,
                        "partial": 0,
                        "missed": 0,
                        "spurious": 13,
                        "possible": 1,
                        "actual": 14,
                        "TP": 1,
                        "FP": 13,
                        "FN": 0,
                        "P_micro": 0.07142857142857142,
                        "R_micro": 1.0,
                        "F1_micro": 0.13333333333333333,
                        "P_macro_doc": 0.07142857142857142,
                        "R_macro_doc": 1.0,
                        "F1_macro_doc": 0.13333333333333333,
                        "P_macro_doc_std": 0.0,
                        "R_macro_doc_std": 0.0,
                        "F1_macro_doc_std": 0.0
                    },
                    "strict": {
                        "correct": 1,
                        "incorrect": 0,
                        "partial": 0,
                        "missed": 0,
                        "spurious": 13,
                        "possible": 1,
                        "actual": 14,
                        "TP": 1,
                        "FP": 13,
                        "FN": 0,
                        "P_micro": 0.07142857142857142,
                        "R_micro": 1.0,
                        "F1_micro": 0.13333333333333333,
                        "P_macro_doc": 0.07142857142857142,
                        "R_macro_doc": 1.0,
                        "F1_macro_doc": 0.13333333333333333,
                        "P_macro_doc_std": 0.0,
                        "R_macro_doc_std": 0.0,
                        "F1_macro_doc_std": 0.0
                    },
                    "ent_type": {
                        "correct": 1,
                        "incorrect": 0,
                        "partial": 0,
                        "missed": 0,
                        "spurious": 13,
                        "possible": 1,
                        "actual": 14,
                        "TP": 1,
                        "FP": 13,
                        "FN": 0,
                        "P_micro": 0.07142857142857142,
                        "R_micro": 1.0,
                        "F1_micro": 0.13333333333333333,
                        "P_macro_doc": 0.07142857142857142,
                        "R_macro_doc": 1.0,
                        "F1_macro_doc": 0.13333333333333333,
                        "P_macro_doc_std": 0.0,
                        "R_macro_doc_std": 0.0,
                        "F1_macro_doc_std": 0.0
                    },
                    "exact": {
                        "correct": 1,
                        "incorrect": 0,
                        "partial": 0,
                        "missed": 0,
                        "spurious": 13,
                        "possible": 1,
                        "actual": 14,
                        "TP": 1,
                        "FP": 13,
                        "FN": 0,
                        "P_micro": 0.07142857142857142,
                        "R_micro": 1.0,
                        "F1_micro": 0.13333333333333333,
                        "P_macro_doc": 0.07142857142857142,
                        "R_macro_doc": 1.0,
                        "F1_macro_doc": 0.13333333333333333,
                        "P_macro_doc_std": 0.0,
                        "R_macro_doc_std": 0.0,
                        "F1_macro_doc_std": 0.0
                    }
                },
                "PER": {
                    "partial": {
                        "correct": 11,
                        "incorrect": 0,
                        "partial": 2,
                        "missed": 3,
                        "spurious": 2,
                        "possible": 16,
                        "actual": 15,
                        "TP": 11,
                        "FP": 4,
                        "FN": 5,
                        "P_micro": 0.8,
                        "R_micro": 0.75,
                        "F1_micro": 0.7741935483870969,
                        "P_macro_doc": 0.8,
                        "R_macro_doc": 0.75,
                        "F1_macro_doc": 0.7741935483870969,
                        "P_macro_doc_std": 0.0,
                        "R_macro_doc_std": 0.0,
                        "F1_macro_doc_std": 0.0
                    },
                    "strict": {
                        "correct": 11,
                        "incorrect": 2,
                        "partial": 0,
                        "missed": 3,
                        "spurious": 2,
                        "possible": 16,
                        "actual": 15,
                        "TP": 11,
                        "FP": 4,
                        "FN": 5,
                        "P_micro": 0.7333333333333333,
                        "R_micro": 0.6875,
                        "F1_micro": 0.7096774193548386,
                        "P_macro_doc": 0.7333333333333333,
                        "R_macro_doc": 0.6875,
                        "F1_macro_doc": 0.7096774193548386,
                        "P_macro_doc_std": 0.0,
                        "R_macro_doc_std": 0.0,
                        "F1_macro_doc_std": 0.0
                    },
                    "ent_type": {
                        "correct": 13,
                        "incorrect": 0,
                        "partial": 0,
                        "missed": 3,
                        "spurious": 2,
                        "possible": 16,
                        "actual": 15,
                        "TP": 13,
                        "FP": 2,
                        "FN": 3,
                        "P_micro": 0.8666666666666667,
                        "R_micro": 0.8125,
                        "F1_micro": 0.8387096774193549,
                        "P_macro_doc": 0.8666666666666667,
                        "R_macro_doc": 0.8125,
                        "F1_macro_doc": 0.8387096774193549,
                        "P_macro_doc_std": 0.0,
                        "R_macro_doc_std": 0.0,
                        "F1_macro_doc_std": 0.0
                    },
                    "exact": {
                        "correct": 11,
                        "incorrect": 2,
                        "partial": 0,
                        "missed": 3,
                        "spurious": 2,
                        "possible": 16,
                        "actual": 15,
                        "TP": 11,
                        "FP": 4,
                        "FN": 5,
                        "P_micro": 0.7333333333333333,
                        "R_micro": 0.6875,
                        "F1_micro": 0.7096774193548386,
                        "P_macro_doc": 0.7333333333333333,
                        "R_macro_doc": 0.6875,
                        "F1_macro_doc": 0.7096774193548386,
                        "P_macro_doc_std": 0.0,
                        "R_macro_doc_std": 0.0,
                        "F1_macro_doc_std": 0.0
                    }
                },
                "LOC": {
                    "partial": {
                        "correct": 1,
                        "incorrect": 0,
                        "partial": 0,
                        "missed": 0,
                        "spurious": 0,
                        "possible": 1,
                        "actual": 1,
                        "TP": 1,
                        "FP": 0,
                        "FN": 0,
                        "P_micro": 1.0,
                        "R_micro": 1.0,
                        "F1_micro": 1.0,
                        "P_macro_doc": 1.0,
                        "R_macro_doc": 1.0,
                        "F1_macro_doc": 1.0,
                        "P_macro_doc_std": 0.0,