{
    "NE-COARSE-LIT": {
        "TIME-ALL": {
            "LED-ALL": {
                "OTH": {
                    "partial": {
                        "correct": 7,
                        "incorrect": 0,
                        "partial": 0,
                        "missed": 0,
                        "spurious": 10,
                        "possible": 7,
                        "actual": 17,
                        "TP": 7,
                        "FP": 10,
                        "FN": 0,
                        "P_micro": 0.4117647058823529,
                        "R_micro": 1.0,
                        "F1_micro": 0.5833333333333334,
                        "P_macro_doc": 0.4117647058823529,
                        "R_macro_doc": 1.0,
                        "F1_macro_doc": 0.5833333333333334,
                        "P_macro_doc_std": 0.0,
                        "R_macro_doc_std": 0.0,
                        "F1_macro_doc_std": 0.0
                    },
                    "strict": {
                        "correct": 7,
                        "incorrect": 0,
                        "partial": 0,
                        "missed": 0,
                        "spurious": 10,
                        "possible": 7,
                        "actual": 17,
                        "TP": 7,
                        "FP": 10,
                        "FN": 0,
                        "P_micro": 0.4117647058823529,
                        "R_micro": 1.0,
                        "F1_micro": 0.5833333333333334,
                        "P_macro_doc": 0.4117647058823529,
                        "R_macro_doc": 1.0,
                        "F1_macro_doc": 0.5833333333333334,
                        "P_macro_doc_std": 0.0,
                        "R_macro_doc_std": 0.0,
                        "F1_macro_doc_std": 0.0
                    },
                    "ent_type": {
                        "correct": 7,
                        "incorrect": 0,
                        "partial": 0,
                        "missed": 0,
                        "spurious": 10,
                        "possible": 7,
                        "actual": 17,
                        "TP": 7,
                        "FP": 10,
                        "FN": 0,
                        "P_micro": 0.4117647058823529,
                        "R_micro": 1.0,
                        "F1_micro": 0.5833333333333334,
                        "P_macro_doc": 0.4117647058823529,
                        "R_macro_doc": 1.0,
                        "F1_macro_doc": 0.5833333333333334,
                        "P_macro_doc_std": 0.0,
                        "R_macro_doc_std": 0.0,
                        "F1_macro_doc_std": 0.0
                    },
                    "exact": {
                        "correct": 7,
                        "incorrect": 0,
                        "partial": 0,
                        "missed": 0,
                        "spurious": 10,
                        "possible": 7,
                        "actual": 17,
                        "TP": 7,
                        "FP": 10,
                        "FN": 0,
                        "P_micro": 0.4117647058823529,
                        "R_micro": 1.0,
                        "F1_micro": 0.5833333333333334,
                        "P_macro_doc": 0.4117647058823529,
                        "R_macro_doc": 1.0,
                        "F1_macro_doc": 0.5833333333333334,
                        "P_macro_doc_std": 0.0,
                        "R_macro_doc_std": 0.0,
                        "F1_macro_doc_std": 0.0
                    }
                },
                "PER": {
                    "partial": {
                        "correct": 7,
                        "incorrect": 0,
                        "partial": 0,
                        "missed": 4,
                        "spurious": 1,
                        "possible": 11,
                        "actual": 8,
                        "TP": 7,
                        "FP": 1,
                        "FN": 4,
                        "P_micro": 0.875,
                        "R_micro": 0.6363636363636364,
                        "F1_micro": 0.7368421052631579,
                        "P_macro_doc": 0.875,
                        "R_macro_doc": 0.6363636363636364,
                        "F1_macro_doc": 0.7368421052631579,
                        "P_macro_doc_std": 0.0,
                        "R_macro_doc_std": 0.0,
                        "F1_macro_doc_std": 0.0
                    },
                    "strict": {
                        "correct": 7,
                        "incorrect": 0,
                        "partial": 0,
                        "missed": 4,
                        "spurious": 1,
                        "possible": 11,
                        "actual": 8,
                        "TP": 7,
                        "FP": 1,
                        "FN": 4,
                        "P_micro": 0.875,
                        "R_micro": 0.6363636363636364,
                        "F1_micro": 0.7368421052631579,
                        "P_macro_doc": 0.875,
                        "R_macro_doc": 0.6363636363636364,
                        "F1_macro_doc": 0.7368421052631579,
                        "P_macro_doc_std": 0.0,
                        "R_macro_doc_std": 0.0,
                        "F1_macro_doc_std": 0.0
                    },
                    "ent_type": {
                        "correct": 7,
                        "incorrect": 0,
                        "partial": 0,
                        "missed": 4,
                        "spurious": 1,
                        "possible": 11,
                        "actual": 8,
                        "TP": 7,
                        "FP": 1,
                        "FN": 4,
                        "P_micro": 0.875,
                        "R_micro": 0.6363636363636364,
                        "F1_micro": 0.7368421052631579,
                        "P_macro_doc": 0.875,
                        "R_macro_doc": 0.6363636363636364,
                        "F1_macro_doc": 0.7368421052631579,
                        "P_macro_doc_std": 0.0,
                        "R_macro_doc_std": 0.0,
                        "F1_macro_doc_std": 0.0
                    },
                    "exact": {
                        "correct": 7,
                        "incorrect": 0,
                        "partial": 0,
                        "missed": 4,
                        "spurious": 1,
                        "possible": 11,
                        "actual": 8,
                        "TP": 7,
                        "FP": 1,
                        "FN": 4,
                        "P_micro": 0.875,
                        "R_micro": 0.6363636363636364,
                        "F1_micro": 0.7368421052631579,
                        "P_macro_doc": 0.875,
                        "R_macro_doc": 0.6363636363636364,
                        "F1_macro_doc": 0.7368421052631579,
                        "P_macro_doc_std": 0.0,
                        "R_macro_doc_std": 0.0,
                        "F1_macro_doc_std": 0.0
                    }
                },
                "ALL": {
                    "partial": {
                        "correct": 14,
                        "incorrect": 0,
                        "partial": 0,
                        "missed": 4,
                        "spurious": 11,
                        "possible": 18,
                        "actual": 25,
                        "TP": 14,
                        "FP": 11,
                        "FN": 4,
                        "P_micro": 0.56,
                        "R_micro": 0.7777777777777778,
                        "F1_micro": 0.6511627906976745,
                        "P_macro_doc": 0.56,
                        "R_macro_doc": 0.7777777777777778,
                        "F1_macro_doc": 0.6511627906976745,