{
    "NE-COARSE-LIT": {
        "TIME-ALL": {
            "LED-ALL": {
                "OTH": {
                    "partial": {
                        "correct": 2,
                        "incorrect": 0,
                        "partial": 0,
                        "missed": 1,
                        "spurious": 9,
                        "possible": 3,
                        "actual": 11,
                        "TP": 2,
                        "FP": 9,
                        "FN": 1,
                        "P_micro": 0.18181818181818182,
                        "R_micro": 0.6666666666666666,
                        "F1_micro": 0.28571428571428575,
                        "P_macro_doc": 0.18181818181818182,
                        "R_macro_doc": 0.6666666666666666,
                        "F1_macro_doc": 0.28571428571428575,
                        "P_macro_doc_std": 0.0,
                        "R_macro_doc_std": 0.0,
                        "F1_macro_doc_std": 0.0
                    },
                    "strict": {
                        "correct": 2,
                        "incorrect": 0,
                        "partial": 0,
                        "missed": 1,
                        "spurious": 9,
                        "possible": 3,
                        "actual": 11,
                        "TP": 2,
                        "FP": 9,
                        "FN": 1,
                        "P_micro": 0.18181818181818182,
                        "R_micro": 0.6666666666666666,
                        "F1_micro": 0.28571428571428575,
                        "P_macro_doc": 0.18181818181818182,
                        "R_macro_doc": 0.6666666666666666,
                        "F1_macro_doc": 0.28571428571428575,
                        "P_macro_doc_std": 0.0,
                        "R_macro_doc_std": 0.0,
                        "F1_macro_doc_std": 0.0
                    },
                    "ent_type": {
                        "correct": 2,
                        "incorrect": 0,
                        "partial": 0,
                        "missed": 1,
                        "spurious": 9,
                        "possible": 3,
                        "actual": 11,
                        "TP": 2,
                        "FP": 9,
                        "FN": 1,
                        "P_micro": 0.18181818181818182,
                        "R_micro": 0.6666666666666666,
                        "F1_micro": 0.28571428571428575,
                        "P_macro_doc": 0.18181818181818182,
                        "R_macro_doc": 0.6666666666666666,
                        "F1_macro_doc": 0.28571428571428575,
                        "P_macro_doc_std": 0.0,
                        "R_macro_doc_std": 0.0,
                        "F1_macro_doc_std": 0.0
                    },
                    "exact": {
                        "correct": 2,
                        "incorrect": 0,
                        "partial": 0,
                        "missed": 1,
                        "spurious": 9,
                        "possible": 3,
                        "actual": 11,
                        "TP": 2,
                        "FP": 9,
                        "FN": 1,
                        "P_micro": 0.18181818181818182,
                        "R_micro": 0.6666666666666666,
                        "F1_micro": 0.28571428571428575,
                        "P_macro_doc": 0.18181818181818182,
                        "R_macro_doc": 0.6666666666666666,
                        "F1_macro_doc": 0.28571428571428575,
                        "P_macro_doc_std": 0.0,
                        "R_macro_doc_std": 0.0,
                        "F1_macro_doc_std": 0.0
                    }
                },
                "PER": {
                    "partial": {
                        "correct": 2,
                        "incorrect": 0,
                        "partial": 0,
                        "missed": 6,
                        "spurious": 1,
                        "possible": 8,
                        "actual": 3,
                        "TP": 2,
                        "FP": 1,
                        "FN": 6,
                        "P_micro": 0.6666666666666666,
                        "R_micro": 0.25,
                        "F1_micro": 0.36363636363636365,
                        "P_macro_doc": 0.6666666666666666,
                        "R_macro_doc": 0.25,
                        "F1_macro_doc": 0.36363636363636365,
                        "P_macro_doc_std": 0.0,
                        "R_macro_doc_std": 0.0,
                        "F1_macro_doc_std": 0.0
                    },
                    "strict": {
                        "correct": 1,
                        "incorrect": 1,
                        "partial": 0,
                        "missed": 6,
                        "spurious": 1,
                        "possible": 8,
                        "actual": 3,
                        "TP": 1,
                        "FP": 2,
                        "FN": 7,
                        "P_micro": 0.3333333333333333,
                        "R_micro": 0.125,
                        "F1_micro": 0.18181818181818182,
                        "P_macro_doc": 0.3333333333333333,
                        "R_macro_doc": 0.125,
                        "F1_macro_doc": 0.18181818181818182,
                        "P_macro_doc_std": 0.0,
                        "R_macro_doc_std": 0.0,
                        "F1_macro_doc_std": 0.0
                    },
                    "ent_type": {
                        "correct": 1,
                        "incorrect": 1,
                        "partial": 0,
                        "missed": 6,
                        "spurious": 1,
                        "possible": 8,
                        "actual": 3,
                        "TP": 1,
                        "FP": 2,
                        "FN": 7,
                        "P_micro": 0.3333333333333333,
                        "R_micro": 0.125,
                        "F1_micro": 0.18181818181818182,
                        "P_macro_doc": 0.3333333333333333,
                        "R_macro_doc": 0.125,
                        "F1_macro_doc": 0.18181818181818182,
                        "P_macro_doc_std": 0.0,
                        "R_macro_doc_std": 0.0,
                        "F1_macro_doc_std": 0.0
                    },
                    "exact": {
                        "correct": 2,
                        "incorrect": 0,
                        "partial": 0,
                        "missed": 6,
                        "spurious": 1,
                        "possible": 8,
                        "actual": 3,
                        "TP": 2,
                        "FP": 1,
                        "FN": 6,
                        "P_micro": 0.6666666666666666,
                        "R_micro": 0.25,
                        "F1_micro": 0.36363636363636365,
                        "P_macro_doc": 0.6666666666666666,
                        "R_macro_doc": 0.25,
                        "F1_macro_doc": 0.36363636363636365,
                        "P_macro_doc_std": 0.0,
                        "R_macro_doc_std": 0.0,
                        "F1_macro_doc_std": 0.0
                    }
                },
                "LOC": {
                    "partial": {
                        "correct": 0,
                        "incorrect": 0,
                        "partial": 0,
                        "missed": 2,
                        "spurious": 0,
                        "possible": 2,
                        "actual": 0,
                        "TP": 0,
                        "FP": 0,
                        "FN": 2,
                        "P_micro": 0,
                        "R_micro": 0.0,
                        "F1_micro": 0,
                        "P_macro_doc": null,
                        "R_macro_doc": 0.0,