{
    "NE-COARSE-LIT": {
        "TIME-ALL": {
            "LED-ALL": {
                "OTH": {
                    "partial": {
                        "correct": 7,
                        "incorrect": 0,
                        "partial": 0,
                        "missed": 0,
                        "spurious": 15,
                        "possible": 7,
                        "actual": 22,
                        "TP": 7,
                        "FP": 15,
                        "FN": 0,
                        "P_micro": 0.3181818181818182,
                        "R_micro": 1.0,
                        "F1_micro": 0.4827586206896552,
                        "P_macro_doc": 0.3181818181818182,
                        "R_macro_doc": 1.0,
                        "F1_macro_doc": 0.4827586206896552,
                        "P_macro_doc_std": 0.0,
                        "R_macro_doc_std": 0.0,
                        "F1_macro_doc_std": 0.0
                    },
                    "strict": {
                        "correct": 7,
                        "incorrect": 0,
                        "partial": 0,
                        "missed": 0,
                        "spurious": 15,
                        "possible": 7,
                        "actual": 22,
                        "TP": 7,
                        "FP": 15,
                        "FN": 0,
                        "P_micro": 0.3181818181818182,
                        "R_micro": 1.0,
                        "F1_micro": 0.4827586206896552,
                        "P_macro_doc": 0.3181818181818182,
                        "R_macro_doc": 1.0,
                        "F1_macro_doc": 0.4827586206896552,
                        "P_macro_doc_std": 0.0,
                        "R_macro_doc_std": 0.0,
                        "F1_macro_doc_std": 0.0
                    },
                    "ent_type": {
                        "correct": 7,
                        "incorrect": 0,
                        "partial": 0,
                        "missed": 0,
                        "spurious": 15,
                        "possible": 7,
                        "actual": 22,
                        "TP": 7,
                        "FP": 15,
                        "FN": 0,
                        "P_micro": 0.3181818181818182,
                        "R_micro": 1.0,
                        "F1_micro": 0.4827586206896552,
                        "P_macro_doc": 0.3181818181818182,
                        "R_macro_doc": 1.0,
                        "F1_macro_doc": 0.4827586206896552,
                        "P_macro_doc_std": 0.0,
                        "R_macro_doc_std": 0.0,
                        "F1_macro_doc_std": 0.0
                    },
                    "exact": {
                        "correct": 7,
                        "incorrect": 0,
                        "partial": 0,
                        "missed": 0,
                        "spurious": 15,
                        "possible": 7,
                        "actual": 22,
                        "TP": 7,
                        "FP": 15,
                        "FN": 0,
                        "P_micro": 0.3181818181818182,
                        "R_micro": 1.0,
                        "F1_micro": 0.4827586206896552,
                        "P_macro_doc": 0.3181818181818182,
                        "R_macro_doc": 1.0,
                        "F1_macro_doc": 0.4827586206896552,
                        "P_macro_doc_std": 0.0,
                        "R_macro_doc_std": 0.0,
                        "F1_macro_doc_std": 0.0
                    }
                },
                "LOC": {
                    "partial": {
                        "correct": 3,
                        "incorrect": 0,
                        "partial": 1,
                        "missed": 3,
                        "spurious": 1,
                        "possible": 7,
                        "actual": 5,
                        "TP": 3,
                        "FP": 2,
                        "FN": 4,
                        "P_micro": 0.7,
                        "R_micro": 0.5,
                        "F1_micro": 0.5833333333333334,
                        "P_macro_doc": 0.7,
                        "R_macro_doc": 0.5,
                        "F1_macro_doc": 0.5833333333333334,
                        "P_macro_doc_std": 0.0,
                        "R_macro_doc_std": 0.0,
                        "F1_macro_doc_std": 0.0
                    },
                    "strict": {
                        "correct": 2,
                        "incorrect": 2,
                        "partial": 0,
                        "missed": 3,
                        "spurious": 1,
                        "possible": 7,
                        "actual": 5,
                        "TP": 2,
                        "FP": 3,
                        "FN": 5,
                        "P_micro": 0.4,
                        "R_micro": 0.2857142857142857,
                        "F1_micro": 0.3333333333333333,
                        "P_macro_doc": 0.4,
                        "R_macro_doc": 0.2857142857142857,
                        "F1_macro_doc": 0.3333333333333333,
                        "P_macro_doc_std": 0.0,
                        "R_macro_doc_std": 0.0,
                        "F1_macro_doc_std": 0.0
                    },
                    "ent_type": {
                        "correct": 2,
                        "incorrect": 2,
                        "partial": 0,
                        "missed": 3,
                        "spurious": 1,
                        "possible": 7,
                        "actual": 5,
                        "TP": 2,
                        "FP": 3,
                        "FN": 5,
                        "P_micro": 0.4,
                        "R_micro": 0.2857142857142857,
                        "F1_micro": 0.3333333333333333,
                        "P_macro_doc": 0.4,
                        "R_macro_doc": 0.2857142857142857,
                        "F1_macro_doc": 0.3333333333333333,
                        "P_macro_doc_std": 0.0,
                        "R_macro_doc_std": 0.0,
                        "F1_macro_doc_std": 0.0
                    },
                    "exact": {
                        "correct": 3,
                        "incorrect": 1,
                        "partial": 0,
                        "missed": 3,
                        "spurious": 1,
                        "possible": 7,
                        "actual": 5,
                        "TP": 3,
                        "FP": 2,
                        "FN": 4,
                        "P_micro": 0.6,
                        "R_micro": 0.42857142857142855,
                        "F1_micro": 0.5,
                        "P_macro_doc": 0.6,
                        "R_macro_doc": 0.42857142857142855,
                        "F1_macro_doc": 0.5,
                        "P_macro_doc_std": 0.0,
                        "R_macro_doc_std": 0.0,
                        "F1_macro_doc_std": 0.0
                    }
                },
                "PER": {
                    "partial": {
                        "correct": 0,
                        "incorrect": 0,
                        "partial": 0,
                        "missed": 1,
                        "spurious": 1,
                        "possible": 1,
                        "actual": 1,
                        "TP": 0,
                        "FP": 1,
                        "FN": 1,
                        "P_micro": 0.0,
                        "R_micro": 0.0,
                        "F1_micro": 0,
                        "P_macro_doc": 0.0,
                        "R_macro_doc": 0.0,
                        "F1_macro_doc": 0.0,
                        "P_macro_doc_std": 0.0,
                        "R_macro_doc_std": 0.0,
                        "F1_macro_doc_std": 0.0
                    },