{
    "NE-COARSE-LIT": {
        "TIME-ALL": {
            "LED-ALL": {
                "PER": {
                    "partial": {
                        "correct": 10,
                        "incorrect": 0,
                        "partial": 3,
                        "missed": 3,
                        "spurious": 2,
                        "possible": 16,
                        "actual": 15,
                        "TP": 10,
                        "FP": 5,
                        "FN": 6,
                        "P_micro": 0.7666666666666667,
                        "R_micro": 0.71875,
                        "F1_micro": 0.7419354838709677,
                        "P_macro_doc": 0.7666666666666667,
                        "R_macro_doc": 0.71875,
                        "F1_macro_doc": 0.7419354838709677,
                        "P_macro_doc_std": 0.0,
                        "R_macro_doc_std": 0.0,
                        "F1_macro_doc_std": 0.0
                    },
                    "strict": {
                        "correct": 7,
                        "incorrect": 6,
                        "partial": 0,
                        "missed": 3,
                        "spurious": 2,
                        "possible": 16,
                        "actual": 15,
                        "TP": 7,
                        "FP": 8,
                        "FN": 9,
                        "P_micro": 0.4666666666666667,
                        "R_micro": 0.4375,
                        "F1_micro": 0.45161290322580644,
                        "P_macro_doc": 0.4666666666666667,
                        "R_macro_doc": 0.4375,
                        "F1_macro_doc": 0.45161290322580644,
                        "P_macro_doc_std": 0.0,
                        "R_macro_doc_std": 0.0,
                        "F1_macro_doc_std": 0.0
                    },
                    "ent_type": {
                        "correct": 10,
                        "incorrect": 3,
                        "partial": 0,
                        "missed": 3,
                        "spurious": 2,
                        "possible": 16,
                        "actual": 15,
                        "TP": 10,
                        "FP": 5,
                        "FN": 6,
                        "P_micro": 0.6666666666666666,
                        "R_micro": 0.625,
                        "F1_micro": 0.6451612903225806,
                        "P_macro_doc": 0.6666666666666666,
                        "R_macro_doc": 0.625,
                        "F1_macro_doc": 0.6451612903225806,
                        "P_macro_doc_std": 0.0,
                        "R_macro_doc_std": 0.0,
                        "F1_macro_doc_std": 0.0
                    },
                    "exact": {
                        "correct": 10,
                        "incorrect": 3,
                        "partial": 0,
                        "missed": 3,
                        "spurious": 2,
                        "possible": 16,
                        "actual": 15,
                        "TP": 10,
                        "FP": 5,
                        "FN": 6,
                        "P_micro": 0.6666666666666666,
                        "R_micro": 0.625,
                        "F1_micro": 0.6451612903225806,
                        "P_macro_doc": 0.6666666666666666,
                        "R_macro_doc": 0.625,
                        "F1_macro_doc": 0.6451612903225806,
                        "P_macro_doc_std": 0.0,
                        "R_macro_doc_std": 0.0,
                        "F1_macro_doc_std": 0.0
                    }
                },
                "LOC": {
                    "partial": {
                        "correct": 1,
                        "incorrect": 0,
                        "partial": 0,
                        "missed": 0,
                        "spurious": 0,
                        "possible": 1,
                        "actual": 1,
                        "TP": 1,
                        "FP": 0,
                        "FN": 0,
                        "P_micro": 1.0,
                        "R_micro": 1.0,
                        "F1_micro": 1.0,
                        "P_macro_doc": 1.0,
                        "R_macro_doc": 1.0,
                        "F1_macro_doc": 1.0,
                        "P_macro_doc_std": 0.0,
                        "R_macro_doc_std": 0.0,
                        "F1_macro_doc_std": 0.0
                    },
                    "strict": {
                        "correct": 1,
                        "incorrect": 0,
                        "partial": 0,
                        "missed": 0,
                        "spurious": 0,
                        "possible": 1,
                        "actual": 1,
                        "TP": 1,
                        "FP": 0,
                        "FN": 0,
                        "P_micro": 1.0,
                        "R_micro": 1.0,
                        "F1_micro": 1.0,
                        "P_macro_doc": 1.0,
                        "R_macro_doc": 1.0,
                        "F1_macro_doc": 1.0,
                        "P_macro_doc_std": 0.0,
                        "R_macro_doc_std": 0.0,
                        "F1_macro_doc_std": 0.0
                    },
                    "ent_type": {
                        "correct": 1,
                        "incorrect": 0,
                        "partial": 0,
                        "missed": 0,
                        "spurious": 0,
                        "possible": 1,
                        "actual": 1,
                        "TP": 1,
                        "FP": 0,
                        "FN": 0,
                        "P_micro": 1.0,
                        "R_micro": 1.0,
                        "F1_micro": 1.0,
                        "P_macro_doc": 1.0,
                        "R_macro_doc": 1.0,
                        "F1_macro_doc": 1.0,
                        "P_macro_doc_std": 0.0,
                        "R_macro_doc_std": 0.0,
                        "F1_macro_doc_std": 0.0
                    },
                    "exact": {
                        "correct": 1,
                        "incorrect": 0,
                        "partial": 0,
                        "missed": 0,
                        "spurious": 0,
                        "possible": 1,
                        "actual": 1,
                        "TP": 1,
                        "FP": 0,
                        "FN": 0,
                        "P_micro": 1.0,
                        "R_micro": 1.0,
                        "F1_micro": 1.0,
                        "P_macro_doc": 1.0,
                        "R_macro_doc": 1.0,
                        "F1_macro_doc": 1.0,
                        "P_macro_doc_std": 0.0,
                        "R_macro_doc_std": 0.0,
                        "F1_macro_doc_std": 0.0
                    }
                },
                "OTH": {
                    "partial": {
                        "correct": 0,
                        "incorrect": 0,
                        "partial": 0,
                        "missed": 1,
                        "spurious": 2,
                        "possible": 1,
                        "actual": 2,
                        "TP": 0,
                        "FP": 2,
                        "FN": 1,
                        "P_micro": 0.0,
                        "R_micro": 0.0,
                        "F1_micro": 0,
                        "P_macro_doc": 0.0,
                        "R_macro_doc": 0.0,
                        "F1_macro_doc": 0.0,
                        "P_macro_doc_std": 0.0,
                        "R_macro_doc_std": 0.0,
                        "F1_macro_doc_std": 0.0
                    },
                    "strict": {
                        "correct": 0,
                        "incorrect": 0,
                        "partial": 0,