{
    "NE-COARSE-LIT": {
        "TIME-ALL": {
            "LED-ALL": {
                "PER": {
                    "partial": {
                        "correct": 10,
                        "incorrect": 0,
                        "partial": 0,
                        "missed": 1,
                        "spurious": 1,
                        "possible": 11,
                        "actual": 11,
                        "TP": 10,
                        "FP": 1,
                        "FN": 1,
                        "P_micro": 0.9090909090909091,
                        "R_micro": 0.9090909090909091,
                        "F1_micro": 0.9090909090909091,
                        "P_macro_doc": 0.9090909090909091,
                        "R_macro_doc": 0.9090909090909091,
                        "F1_macro_doc": 0.9090909090909091,
                        "P_macro_doc_std": 0.0,
                        "R_macro_doc_std": 0.0,
                        "F1_macro_doc_std": 0.0
                    },
                    "strict": {
                        "correct": 10,
                        "incorrect": 0,
                        "partial": 0,
                        "missed": 1,
                        "spurious": 1,
                        "possible": 11,
                        "actual": 11,
                        "TP": 10,
                        "FP": 1,
                        "FN": 1,
                        "P_micro": 0.9090909090909091,
                        "R_micro": 0.9090909090909091,
                        "F1_micro": 0.9090909090909091,
                        "P_macro_doc": 0.9090909090909091,
                        "R_macro_doc": 0.9090909090909091,
                        "F1_macro_doc": 0.9090909090909091,
                        "P_macro_doc_std": 0.0,
                        "R_macro_doc_std": 0.0,
                        "F1_macro_doc_std": 0.0
                    },
                    "ent_type": {
                        "correct": 10,
                        "incorrect": 0,
                        "partial": 0,
                        "missed": 1,
                        "spurious": 1,
                        "possible": 11,
                        "actual": 11,
                        "TP": 10,
                        "FP": 1,
                        "FN": 1,
                        "P_micro": 0.9090909090909091,
                        "R_micro": 0.9090909090909091,
                        "F1_micro": 0.9090909090909091,
                        "P_macro_doc": 0.9090909090909091,
                        "R_macro_doc": 0.9090909090909091,
                        "F1_macro_doc": 0.9090909090909091,
                        "P_macro_doc_std": 0.0,
                        "R_macro_doc_std": 0.0,
                        "F1_macro_doc_std": 0.0
                    },
                    "exact": {
                        "correct": 10,
                        "incorrect": 0,
                        "partial": 0,
                        "missed": 1,
                        "spurious": 1,
                        "possible": 11,
                        "actual": 11,
                        "TP": 10,
                        "FP": 1,
                        "FN": 1,
                        "P_micro": 0.9090909090909091,
                        "R_micro": 0.9090909090909091,
                        "F1_micro": 0.9090909090909091,
                        "P_macro_doc": 0.9090909090909091,
                        "R_macro_doc": 0.9090909090909091,
                        "F1_macro_doc": 0.9090909090909091,
                        "P_macro_doc_std": 0.0,
                        "R_macro_doc_std": 0.0,
                        "F1_macro_doc_std": 0.0
                    }
                },
                "OTH": {
                    "partial": {
                        "correct": 4,
                        "incorrect": 0,
                        "partial": 0,
                        "missed": 3,
                        "spurious": 1,
                        "possible": 7,
                        "actual": 5,
                        "TP": 4,
                        "FP": 1,
                        "FN": 3,
                        "P_micro": 0.8,
                        "R_micro": 0.5714285714285714,
                        "F1_micro": 0.6666666666666666,
                        "P_macro_doc": 0.8,
                        "R_macro_doc": 0.5714285714285714,
                        "F1_macro_doc": 0.6666666666666666,
                        "P_macro_doc_std": 0.0,
                        "R_macro_doc_std": 0.0,
                        "F1_macro_doc_std": 0.0
                    },
                    "strict": {
                        "correct": 4,
                        "incorrect": 0,
                        "partial": 0,
                        "missed": 3,
                        "spurious": 1,
                        "possible": 7,
                        "actual": 5,
                        "TP": 4,
                        "FP": 1,
                        "FN": 3,
                        "P_micro": 0.8,
                        "R_micro": 0.5714285714285714,
                        "F1_micro": 0.6666666666666666,
                        "P_macro_doc": 0.8,
                        "R_macro_doc": 0.5714285714285714,
                        "F1_macro_doc": 0.6666666666666666,
                        "P_macro_doc_std": 0.0,
                        "R_macro_doc_std": 0.0,
                        "F1_macro_doc_std": 0.0
                    },
                    "ent_type": {
                        "correct": 4,
                        "incorrect": 0,
                        "partial": 0,
                        "missed": 3,
                        "spurious": 1,
                        "possible": 7,
                        "actual": 5,
                        "TP": 4,
                        "FP": 1,
                        "FN": 3,
                        "P_micro": 0.8,
                        "R_micro": 0.5714285714285714,
                        "F1_micro": 0.6666666666666666,
                        "P_macro_doc": 0.8,
                        "R_macro_doc": 0.5714285714285714,
                        "F1_macro_doc": 0.6666666666666666,
                        "P_macro_doc_std": 0.0,
                        "R_macro_doc_std": 0.0,
                        "F1_macro_doc_std": 0.0
                    },
                    "exact": {
                        "correct": 4,
                        "incorrect": 0,
                        "partial": 0,
                        "missed": 3,
                        "spurious": 1,
                        "possible": 7,
                        "actual": 5,
                        "TP": 4,
                        "FP": 1,
                        "FN": 3,
                        "P_micro": 0.8,
                        "R_micro": 0.5714285714285714,
                        "F1_micro": 0.6666666666666666,
                        "P_macro_doc": 0.8,
                        "R_macro_doc": 0.5714285714285714,
                        "F1_macro_doc": 0.6666666666666666,
                        "P_macro_doc_std": 0.0,
                        "R_macro_doc_std": 0.0,
                        "F1_macro_doc_std": 0.0
                    }
                },
                "ALL": {
                    "partial": {
                        "correct": 14,
                        "incorrect": 0,
                        "partial": 0,
                        "missed": 4,
                        "spurious": 2,
                        "possible": 18,
                        "actual": 16,
                        "TP": 14,
                        "FP": 2,
                        "FN": 4,
                        "P_micro": 0.875,
                        "R_micro": 0.7777777777777778,
                        "F1_micro": 0.823529411764706,
                        "P_macro_doc": 0.875,