{
    "NE-COARSE-LIT": {
        "TIME-ALL": {
            "LED-ALL": {
                "PER": {
                    "partial": {
                        "correct": 6,
                        "incorrect": 0,
                        "partial": 1,
                        "missed": 4,
                        "spurious": 0,
                        "possible": 11,
                        "actual": 7,
                        "TP": 6,
                        "FP": 1,
                        "FN": 5,
                        "P_micro": 0.9285714285714286,
                        "R_micro": 0.5909090909090909,
                        "F1_micro": 0.7222222222222223,
                        "P_macro_doc": 0.9285714285714286,
                        "R_macro_doc": 0.5909090909090909,
                        "F1_macro_doc": 0.7222222222222223,
                        "P_macro_doc_std": 0.0,
                        "R_macro_doc_std": 0.0,
                        "F1_macro_doc_std": 0.0
                    },
                    "strict": {
                        "correct": 6,
                        "incorrect": 1,
                        "partial": 0,
                        "missed": 4,
                        "spurious": 0,
                        "possible": 11,
                        "actual": 7,
                        "TP": 6,
                        "FP": 1,
                        "FN": 5,
                        "P_micro": 0.8571428571428571,
                        "R_micro": 0.5454545454545454,
                        "F1_micro": 0.6666666666666665,
                        "P_macro_doc": 0.8571428571428571,
                        "R_macro_doc": 0.5454545454545454,
                        "F1_macro_doc": 0.6666666666666665,
                        "P_macro_doc_std": 0.0,
                        "R_macro_doc_std": 0.0,
                        "F1_macro_doc_std": 0.0
                    },
                    "ent_type": {
                        "correct": 6,
                        "incorrect": 1,
                        "partial": 0,
                        "missed": 4,
                        "spurious": 0,
                        "possible": 11,
                        "actual": 7,
                        "TP": 6,
                        "FP": 1,
                        "FN": 5,
                        "P_micro": 0.8571428571428571,
                        "R_micro": 0.5454545454545454,
                        "F1_micro": 0.6666666666666665,
                        "P_macro_doc": 0.8571428571428571,
                        "R_macro_doc": 0.5454545454545454,
                        "F1_macro_doc": 0.6666666666666665,
                        "P_macro_doc_std": 0.0,
                        "R_macro_doc_std": 0.0,
                        "F1_macro_doc_std": 0.0
                    },
                    "exact": {
                        "correct": 6,
                        "incorrect": 1,
                        "partial": 0,
                        "missed": 4,
                        "spurious": 0,
                        "possible": 11,
                        "actual": 7,
                        "TP": 6,
                        "FP": 1,
                        "FN": 5,
                        "P_micro": 0.8571428571428571,
                        "R_micro": 0.5454545454545454,
                        "F1_micro": 0.6666666666666665,
                        "P_macro_doc": 0.8571428571428571,
                        "R_macro_doc": 0.5454545454545454,
                        "F1_macro_doc": 0.6666666666666665,
                        "P_macro_doc_std": 0.0,
                        "R_macro_doc_std": 0.0,
                        "F1_macro_doc_std": 0.0
                    }
                },
                "OTH": {
                    "partial": {
                        "correct": 0,
                        "incorrect": 0,
                        "partial": 2,
                        "missed": 1,
                        "spurious": 0,
                        "possible": 3,
                        "actual": 2,
                        "TP": 0,
                        "FP": 2,
                        "FN": 3,
                        "P_micro": 0.5,
                        "R_micro": 0.3333333333333333,
                        "F1_micro": 0.4,
                        "P_macro_doc": 0.5,
                        "R_macro_doc": 0.3333333333333333,
                        "F1_macro_doc": 0.4,
                        "P_macro_doc_std": 0.0,
                        "R_macro_doc_std": 0.0,
                        "F1_macro_doc_std": 0.0
                    },
                    "strict": {
                        "correct": 0,
                        "incorrect": 2,
                        "partial": 0,
                        "missed": 1,
                        "spurious": 0,
                        "possible": 3,
                        "actual": 2,
                        "TP": 0,
                        "FP": 2,
                        "FN": 3,
                        "P_micro": 0.0,
                        "R_micro": 0.0,
                        "F1_micro": 0,
                        "P_macro_doc": 0.0,
                        "R_macro_doc": 0.0,
                        "F1_macro_doc": 0.0,
                        "P_macro_doc_std": 0.0,
                        "R_macro_doc_std": 0.0,
                        "F1_macro_doc_std": 0.0
                    },
                    "ent_type": {
                        "correct": 2,
                        "incorrect": 0,
                        "partial": 0,
                        "missed": 1,
                        "spurious": 0,
                        "possible": 3,
                        "actual": 2,
                        "TP": 2,
                        "FP": 0,
                        "FN": 1,
                        "P_micro": 1.0,
                        "R_micro": 0.6666666666666666,
                        "F1_micro": 0.8,
                        "P_macro_doc": 1.0,
                        "R_macro_doc": 0.6666666666666666,
                        "F1_macro_doc": 0.8,
                        "P_macro_doc_std": 0.0,
                        "R_macro_doc_std": 0.0,
                        "F1_macro_doc_std": 0.0
                    },
                    "exact": {
                        "correct": 0,
                        "incorrect": 2,
                        "partial": 0,
                        "missed": 1,
                        "spurious": 0,
                        "possible": 3,
                        "actual": 2,
                        "TP": 0,
                        "FP": 2,
                        "FN": 3,
                        "P_micro": 0.0,
                        "R_micro": 0.0,
                        "F1_micro": 0,
                        "P_macro_doc": 0.0,
                        "R_macro_doc": 0.0,
                        "F1_macro_doc": 0.0,
                        "P_macro_doc_std": 0.0,
                        "R_macro_doc_std": 0.0,
                        "F1_macro_doc_std": 0.0
                    }
                },
                "ALL": {
                    "partial": {
                        "correct": 6,
                        "incorrect": 0,
                        "partial": 3,
                        "missed": 5,
                        "spurious": 0,
                        "possible": 14,
                        "actual": 9,
                        "TP": 6,
                        "FP": 3,
                        "FN": 8,
                        "P_micro": 0.8333333333333334,
                        "R_micro": 0.5357142857142857,
                        "F1_micro": 0.6521739130434783,
                        "P_macro_doc": 0.8333333333333334,
                        "R_macro_doc": 0.5357142857142857,
                        "F1_macro_doc": 0.6521739130434783,
                        "P_macro_doc_std": 0.0,