{
    "NE-COARSE-LIT": {
        "TIME-ALL": {
            "LED-ALL": {
                "PER": {
                    "partial": {
                        "correct": 13,
                        "incorrect": 0,
                        "partial": 3,
                        "missed": 0,
                        "spurious": 3,
                        "possible": 16,
                        "actual": 19,
                        "TP": 13,
                        "FP": 6,
                        "FN": 3,
                        "P_micro": 0.7631578947368421,
                        "R_micro": 0.90625,
                        "F1_micro": 0.8285714285714286,
                        "P_macro_doc": 0.7631578947368421,
                        "R_macro_doc": 0.90625,
                        "F1_macro_doc": 0.8285714285714286,
                        "P_macro_doc_std": 0.0,
                        "R_macro_doc_std": 0.0,
                        "F1_macro_doc_std": 0.0
                    },
                    "strict": {
                        "correct": 13,
                        "incorrect": 3,
                        "partial": 0,
                        "missed": 0,
                        "spurious": 3,
                        "possible": 16,
                        "actual": 19,
                        "TP": 13,
                        "FP": 6,
                        "FN": 3,
                        "P_micro": 0.6842105263157895,
                        "R_micro": 0.8125,
                        "F1_micro": 0.742857142857143,
                        "P_macro_doc": 0.6842105263157895,
                        "R_macro_doc": 0.8125,
                        "F1_macro_doc": 0.742857142857143,
                        "P_macro_doc_std": 0.0,
                        "R_macro_doc_std": 0.0,
                        "F1_macro_doc_std": 0.0
                    },
                    "ent_type": {
                        "correct": 16,
                        "incorrect": 0,
                        "partial": 0,
                        "missed": 0,
                        "spurious": 3,
                        "possible": 16,
                        "actual": 19,
                        "TP": 16,
                        "FP": 3,
                        "FN": 0,
                        "P_micro": 0.8421052631578947,
                        "R_micro": 1.0,
                        "F1_micro": 0.9142857142857143,
                        "P_macro_doc": 0.8421052631578947,
                        "R_macro_doc": 1.0,
                        "F1_macro_doc": 0.9142857142857143,
                        "P_macro_doc_std": 0.0,
                        "R_macro_doc_std": 0.0,
                        "F1_macro_doc_std": 0.0
                    },
                    "exact": {
                        "correct": 13,
                        "incorrect": 3,
                        "partial": 0,
                        "missed": 0,
                        "spurious": 3,
                        "possible": 16,
                        "actual": 19,
                        "TP": 13,
                        "FP": 6,
                        "FN": 3,
                        "P_micro": 0.6842105263157895,
                        "R_micro": 0.8125,
                        "F1_micro": 0.742857142857143,
                        "P_macro_doc": 0.6842105263157895,
                        "R_macro_doc": 0.8125,
                        "F1_macro_doc": 0.742857142857143,
                        "P_macro_doc_std": 0.0,
                        "R_macro_doc_std": 0.0,
                        "F1_macro_doc_std": 0.0
                    }
                },
                "LOC": {
                    "partial": {
                        "correct": 1,
                        "incorrect": 0,
                        "partial": 0,
                        "missed": 0,
                        "spurious": 0,
                        "possible": 1,
                        "actual": 1,
                        "TP": 1,
                        "FP": 0,
                        "FN": 0,
                        "P_micro": 1.0,
                        "R_micro": 1.0,
                        "F1_micro": 1.0,
                        "P_macro_doc": 1.0,
                        "R_macro_doc": 1.0,
                        "F1_macro_doc": 1.0,
                        "P_macro_doc_std": 0.0,
                        "R_macro_doc_std": 0.0,
                        "F1_macro_doc_std": 0.0
                    },
                    "strict": {
                        "correct": 1,
                        "incorrect": 0,
                        "partial": 0,
                        "missed": 0,
                        "spurious": 0,
                        "possible": 1,
                        "actual": 1,
                        "TP": 1,
                        "FP": 0,
                        "FN": 0,
                        "P_micro": 1.0,
                        "R_micro": 1.0,
                        "F1_micro": 1.0,
                        "P_macro_doc": 1.0,
                        "R_macro_doc": 1.0,
                        "F1_macro_doc": 1.0,
                        "P_macro_doc_std": 0.0,
                        "R_macro_doc_std": 0.0,
                        "F1_macro_doc_std": 0.0
                    },
                    "ent_type": {
                        "correct": 1,
                        "incorrect": 0,
                        "partial": 0,
                        "missed": 0,
                        "spurious": 0,
                        "possible": 1,
                        "actual": 1,
                        "TP": 1,
                        "FP": 0,
                        "FN": 0,
                        "P_micro": 1.0,
                        "R_micro": 1.0,
                        "F1_micro": 1.0,
                        "P_macro_doc": 1.0,
                        "R_macro_doc": 1.0,
                        "F1_macro_doc": 1.0,
                        "P_macro_doc_std": 0.0,
                        "R_macro_doc_std": 0.0,
                        "F1_macro_doc_std": 0.0
                    },
                    "exact": {
                        "correct": 1,
                        "incorrect": 0,
                        "partial": 0,
                        "missed": 0,
                        "spurious": 0,
                        "possible": 1,
                        "actual": 1,
                        "TP": 1,
                        "FP": 0,
                        "FN": 0,
                        "P_micro": 1.0,
                        "R_micro": 1.0,
                        "F1_micro": 1.0,
                        "P_macro_doc": 1.0,
                        "R_macro_doc": 1.0,
                        "F1_macro_doc": 1.0,
                        "P_macro_doc_std": 0.0,
                        "R_macro_doc_std": 0.0,
                        "F1_macro_doc_std": 0.0
                    }
                },
                "ALL": {
                    "partial": {
                        "correct": 14,
                        "incorrect": 0,
                        "partial": 3,
                        "missed": 0,
                        "spurious": 3,
                        "possible": 17,
                        "actual": 20,
                        "TP": 14,
                        "FP": 6,
                        "FN": 3,
                        "P_micro": 0.775,
                        "R_micro": 0.9117647058823529,
                        "F1_micro": 0.8378378378378379,
                        "P_macro_doc": 0.775,
                        "R_macro_doc": 0.9117647058823529,
                        "F1_macro_doc": 0.8378378378378379,
                        "P_macro_doc_std": 0.0,
                        "R_macro_doc_std": 0.0,
                        "F1_macro_doc_std": 0.0,
                        "P_macro": 0.881578947368421,
                        "R_macro": 0.953125,