{
    "NE-COARSE-LIT": {
        "TIME-ALL": {
            "LED-ALL": {
                "PER": {
                    "partial": {
                        "correct": 2,
                        "incorrect": 0,
                        "partial": 2,
                        "missed": 16,
                        "spurious": 5,
                        "possible": 20,
                        "actual": 9,
                        "TP": 2,
                        "FP": 7,
                        "FN": 18,
                        "P_micro": 0.3333333333333333,
                        "R_micro": 0.15,
                        "F1_micro": 0.20689655172413793,
                        "P_macro_doc": 0.3333333333333333,
                        "R_macro_doc": 0.15,
                        "F1_macro_doc": 0.20689655172413793,
                        "P_macro_doc_std": 0.0,
                        "R_macro_doc_std": 0.0,
                        "F1_macro_doc_std": 0.0
                    },
                    "strict": {
                        "correct": 2,
                        "incorrect": 2,
                        "partial": 0,
                        "missed": 16,
                        "spurious": 5,
                        "possible": 20,
                        "actual": 9,
                        "TP": 2,
                        "FP": 7,
                        "FN": 18,
                        "P_micro": 0.2222222222222222,
                        "R_micro": 0.1,
                        "F1_micro": 0.13793103448275865,
                        "P_macro_doc": 0.2222222222222222,
                        "R_macro_doc": 0.1,
                        "F1_macro_doc": 0.13793103448275865,
                        "P_macro_doc_std": 0.0,
                        "R_macro_doc_std": 0.0,
                        "F1_macro_doc_std": 0.0
                    },
                    "ent_type": {
                        "correct": 4,
                        "incorrect": 0,
                        "partial": 0,
                        "missed": 16,
                        "spurious": 5,
                        "possible": 20,
                        "actual": 9,
                        "TP": 4,
                        "FP": 5,
                        "FN": 16,
                        "P_micro": 0.4444444444444444,
                        "R_micro": 0.2,
                        "F1_micro": 0.2758620689655173,
                        "P_macro_doc": 0.4444444444444444,
                        "R_macro_doc": 0.2,
                        "F1_macro_doc": 0.2758620689655173,
                        "P_macro_doc_std": 0.0,
                        "R_macro_doc_std": 0.0,
                        "F1_macro_doc_std": 0.0
                    },
                    "exact": {
                        "correct": 2,
                        "incorrect": 2,
                        "partial": 0,
                        "missed": 16,
                        "spurious": 5,
                        "possible": 20,
                        "actual": 9,
                        "TP": 2,
                        "FP": 7,
                        "FN": 18,
                        "P_micro": 0.2222222222222222,
                        "R_micro": 0.1,
                        "F1_micro": 0.13793103448275865,
                        "P_macro_doc": 0.2222222222222222,
                        "R_macro_doc": 0.1,
                        "F1_macro_doc": 0.13793103448275865,
                        "P_macro_doc_std": 0.0,
                        "R_macro_doc_std": 0.0,
                        "F1_macro_doc_std": 0.0
                    }
                },
                "LOC": {
                    "partial": {
                        "correct": 3,
                        "incorrect": 0,
                        "partial": 0,
                        "missed": 3,
                        "spurious": 1,
                        "possible": 6,
                        "actual": 4,
                        "TP": 3,
                        "FP": 1,
                        "FN": 3,
                        "P_micro": 0.75,
                        "R_micro": 0.5,
                        "F1_micro": 0.6,
                        "P_macro_doc": 0.75,
                        "R_macro_doc": 0.5,
                        "F1_macro_doc": 0.6,
                        "P_macro_doc_std": 0.0,
                        "R_macro_doc_std": 0.0,
                        "F1_macro_doc_std": 0.0
                    },
                    "strict": {
                        "correct": 3,
                        "incorrect": 0,
                        "partial": 0,
                        "missed": 3,
                        "spurious": 1,
                        "possible": 6,
                        "actual": 4,
                        "TP": 3,
                        "FP": 1,
                        "FN": 3,
                        "P_micro": 0.75,
                        "R_micro": 0.5,
                        "F1_micro": 0.6,
                        "P_macro_doc": 0.75,
                        "R_macro_doc": 0.5,
                        "F1_macro_doc": 0.6,
                        "P_macro_doc_std": 0.0,
                        "R_macro_doc_std": 0.0,
                        "F1_macro_doc_std": 0.0
                    },
                    "ent_type": {
                        "correct": 3,
                        "incorrect": 0,
                        "partial": 0,
                        "missed": 3,
                        "spurious": 1,
                        "possible": 6,
                        "actual": 4,
                        "TP": 3,
                        "FP": 1,
                        "FN": 3,
                        "P_micro": 0.75,
                        "R_micro": 0.5,
                        "F1_micro": 0.6,
                        "P_macro_doc": 0.75,
                        "R_macro_doc": 0.5,
                        "F1_macro_doc": 0.6,
                        "P_macro_doc_std": 0.0,
                        "R_macro_doc_std": 0.0,
                        "F1_macro_doc_std": 0.0
                    },
                    "exact": {
                        "correct": 3,
                        "incorrect": 0,
                        "partial": 0,
                        "missed": 3,
                        "spurious": 1,
                        "possible": 6,
                        "actual": 4,
                        "TP": 3,
                        "FP": 1,
                        "FN": 3,
                        "P_micro": 0.75,
                        "R_micro": 0.5,
                        "F1_micro": 0.6,
                        "P_macro_doc": 0.75,
                        "R_macro_doc": 0.5,
                        "F1_macro_doc": 0.6,
                        "P_macro_doc_std": 0.0,
                        "R_macro_doc_std": 0.0,
                        "F1_macro_doc_std": 0.0
                    }
                },
                "OTH": {
                    "partial": {
                        "correct": 1,
                        "incorrect": 0,
                        "partial": 0,
                        "missed": 14,
                        "spurious": 1,
                        "possible": 15,
                        "actual": 2,
                        "TP": 1,
                        "FP": 1,
                        "FN": 14,
                        "P_micro": 0.5,
                        "R_micro": 0.06666666666666667,
                        "F1_micro": 0.11764705882352941,
                        "P_macro_doc": 0.5,
                        "R_macro_doc": 0.06666666666666667,
                        "F1_macro_doc": 0.11764705882352941,
                        "P_macro_doc_std": 0.0,
                        "R_macro_doc_std": 0.0,
                        "F1_macro_doc_std": 0.0
                    },
                    "strict": {
                        "correct": 0,