{
    "NE-COARSE-LIT": {
        "TIME-ALL": {
            "LED-ALL": {
                "OTH": {
                    "partial": {
                        "correct": 2,
                        "incorrect": 0,
                        "partial": 0,
                        "missed": 1,
                        "spurious": 1,
                        "possible": 3,
                        "actual": 3,
                        "TP": 2,
                        "FP": 1,
                        "FN": 1,
                        "P_micro": 0.6666666666666666,
                        "R_micro": 0.6666666666666666,
                        "F1_micro": 0.6666666666666666,
                        "P_macro_doc": 0.6666666666666666,
                        "R_macro_doc": 0.6666666666666666,
                        "F1_macro_doc": 0.6666666666666666,
                        "P_macro_doc_std": 0.0,
                        "R_macro_doc_std": 0.0,
                        "F1_macro_doc_std": 0.0
                    },
                    "strict": {
                        "correct": 2,
                        "incorrect": 0,
                        "partial": 0,
                        "missed": 1,
                        "spurious": 1,
                        "possible": 3,
                        "actual": 3,
                        "TP": 2,
                        "FP": 1,
                        "FN": 1,
                        "P_micro": 0.6666666666666666,
                        "R_micro": 0.6666666666666666,
                        "F1_micro": 0.6666666666666666,
                        "P_macro_doc": 0.6666666666666666,
                        "R_macro_doc": 0.6666666666666666,
                        "F1_macro_doc": 0.6666666666666666,
                        "P_macro_doc_std": 0.0,
                        "R_macro_doc_std": 0.0,
                        "F1_macro_doc_std": 0.0
                    },
                    "ent_type": {
                        "correct": 2,
                        "incorrect": 0,
                        "partial": 0,
                        "missed": 1,
                        "spurious": 1,
                        "possible": 3,
                        "actual": 3,
                        "TP": 2,
                        "FP": 1,
                        "FN": 1,
                        "P_micro": 0.6666666666666666,
                        "R_micro": 0.6666666666666666,
                        "F1_micro": 0.6666666666666666,
                        "P_macro_doc": 0.6666666666666666,
                        "R_macro_doc": 0.6666666666666666,
                        "F1_macro_doc": 0.6666666666666666,
                        "P_macro_doc_std": 0.0,
                        "R_macro_doc_std": 0.0,
                        "F1_macro_doc_std": 0.0
                    },
                    "exact": {
                        "correct": 2,
                        "incorrect": 0,
                        "partial": 0,
                        "missed": 1,
                        "spurious": 1,
                        "possible": 3,
                        "actual": 3,
                        "TP": 2,
                        "FP": 1,
                        "FN": 1,
                        "P_micro": 0.6666666666666666,
                        "R_micro": 0.6666666666666666,
                        "F1_micro": 0.6666666666666666,
                        "P_macro_doc": 0.6666666666666666,
                        "R_macro_doc": 0.6666666666666666,
                        "F1_macro_doc": 0.6666666666666666,
                        "P_macro_doc_std": 0.0,
                        "R_macro_doc_std": 0.0,
                        "F1_macro_doc_std": 0.0
                    }
                },
                "PER": {
                    "partial": {
                        "correct": 6,
                        "incorrect": 0,
                        "partial": 0,
                        "missed": 2,
                        "spurious": 1,
                        "possible": 8,
                        "actual": 7,
                        "TP": 6,
                        "FP": 1,
                        "FN": 2,
                        "P_micro": 0.8571428571428571,
                        "R_micro": 0.75,
                        "F1_micro": 0.7999999999999999,
                        "P_macro_doc": 0.8571428571428571,
                        "R_macro_doc": 0.75,
                        "F1_macro_doc": 0.7999999999999999,
                        "P_macro_doc_std": 0.0,
                        "R_macro_doc_std": 0.0,
                        "F1_macro_doc_std": 0.0
                    },
                    "strict": {
                        "correct": 6,
                        "incorrect": 0,
                        "partial": 0,
                        "missed": 2,
                        "spurious": 1,
                        "possible": 8,
                        "actual": 7,
                        "TP": 6,
                        "FP": 1,
                        "FN": 2,
                        "P_micro": 0.8571428571428571,
                        "R_micro": 0.75,
                        "F1_micro": 0.7999999999999999,
                        "P_macro_doc": 0.8571428571428571,
                        "R_macro_doc": 0.75,
                        "F1_macro_doc": 0.7999999999999999,
                        "P_macro_doc_std": 0.0,
                        "R_macro_doc_std": 0.0,
                        "F1_macro_doc_std": 0.0
                    },
                    "ent_type": {
                        "correct": 6,
                        "incorrect": 0,
                        "partial": 0,
                        "missed": 2,
                        "spurious": 1,
                        "possible": 8,
                        "actual": 7,
                        "TP": 6,
                        "FP": 1,
                        "FN": 2,
                        "P_micro": 0.8571428571428571,
                        "R_micro": 0.75,
                        "F1_micro": 0.7999999999999999,
                        "P_macro_doc": 0.8571428571428571,
                        "R_macro_doc": 0.75,
                        "F1_macro_doc": 0.7999999999999999,
                        "P_macro_doc_std": 0.0,
                        "R_macro_doc_std": 0.0,
                        "F1_macro_doc_std": 0.0
                    },
                    "exact": {
                        "correct": 6,
                        "incorrect": 0,
                        "partial": 0,
                        "missed": 2,
                        "spurious": 1,
                        "possible": 8,
                        "actual": 7,
                        "TP": 6,
                        "FP": 1,
                        "FN": 2,
                        "P_micro": 0.8571428571428571,
                        "R_micro": 0.75,
                        "F1_micro": 0.7999999999999999,
                        "P_macro_doc": 0.8571428571428571,
                        "R_macro_doc": 0.75,
                        "F1_macro_doc": 0.7999999999999999,
                        "P_macro_doc_std": 0.0,
                        "R_macro_doc_std": 0.0,
                        "F1_macro_doc_std": 0.0
                    }
                },
                "LOC": {
                    "partial": {
                        "correct": 1,
                        "incorrect": 0,
                        "partial": 0,
                        "missed": 1,
                        "spurious": 0,
                        "possible": 2,
                        "actual": 1,
                        "TP": 1,
                        "FP": 0,
                        "FN": 1,
                        "P_micro": 1.0,
                        "R_micro": 0.5,
                        "F1_micro": 0.6666666666666666,
                        "P_macro_doc": 1.0,
                        "R_macro_doc": 0.5,