{
    "NE-COARSE-LIT": {
        "TIME-ALL": {
            "LED-ALL": {
                "PER": {
                    "partial": {
                        "correct": 4,
                        "incorrect": 0,
                        "partial": 2,
                        "missed": 14,
                        "spurious": 3,
                        "possible": 20,
                        "actual": 9,
                        "TP": 4,
                        "FP": 5,
                        "FN": 16,
                        "P_micro": 0.5555555555555556,
                        "R_micro": 0.25,
                        "F1_micro": 0.3448275862068966,
                        "P_macro_doc": 0.5555555555555556,
                        "R_macro_doc": 0.25,
                        "F1_macro_doc": 0.3448275862068966,
                        "P_macro_doc_std": 0.0,
                        "R_macro_doc_std": 0.0,
                        "F1_macro_doc_std": 0.0
                    },
                    "strict": {
                        "correct": 3,
                        "incorrect": 3,
                        "partial": 0,
                        "missed": 14,
                        "spurious": 3,
                        "possible": 20,
                        "actual": 9,
                        "TP": 3,
                        "FP": 6,
                        "FN": 17,
                        "P_micro": 0.3333333333333333,
                        "R_micro": 0.15,
                        "F1_micro": 0.20689655172413793,
                        "P_macro_doc": 0.3333333333333333,
                        "R_macro_doc": 0.15,
                        "F1_macro_doc": 0.20689655172413793,
                        "P_macro_doc_std": 0.0,
                        "R_macro_doc_std": 0.0,
                        "F1_macro_doc_std": 0.0
                    },
                    "ent_type": {
                        "correct": 5,
                        "incorrect": 1,
                        "partial": 0,
                        "missed": 14,
                        "spurious": 3,
                        "possible": 20,
                        "actual": 9,
                        "TP": 5,
                        "FP": 4,
                        "FN": 15,
                        "P_micro": 0.5555555555555556,
                        "R_micro": 0.25,
                        "F1_micro": 0.3448275862068966,
                        "P_macro_doc": 0.5555555555555556,
                        "R_macro_doc": 0.25,
                        "F1_macro_doc": 0.3448275862068966,
                        "P_macro_doc_std": 0.0,
                        "R_macro_doc_std": 0.0,
                        "F1_macro_doc_std": 0.0
                    },
                    "exact": {
                        "correct": 4,
                        "incorrect": 2,
                        "partial": 0,
                        "missed": 14,
                        "spurious": 3,
                        "possible": 20,
                        "actual": 9,
                        "TP": 4,
                        "FP": 5,
                        "FN": 16,
                        "P_micro": 0.4444444444444444,
                        "R_micro": 0.2,
                        "F1_micro": 0.2758620689655173,
                        "P_macro_doc": 0.4444444444444444,
                        "R_macro_doc": 0.2,
                        "F1_macro_doc": 0.2758620689655173,
                        "P_macro_doc_std": 0.0,
                        "R_macro_doc_std": 0.0,
                        "F1_macro_doc_std": 0.0
                    }
                },
                "LOC": {
                    "partial": {
                        "correct": 4,
                        "incorrect": 0,
                        "partial": 0,
                        "missed": 2,
                        "spurious": 6,
                        "possible": 6,
                        "actual": 10,
                        "TP": 4,
                        "FP": 6,
                        "FN": 2,
                        "P_micro": 0.4,
                        "R_micro": 0.6666666666666666,
                        "F1_micro": 0.5,
                        "P_macro_doc": 0.4,
                        "R_macro_doc": 0.6666666666666666,
                        "F1_macro_doc": 0.5,
                        "P_macro_doc_std": 0.0,
                        "R_macro_doc_std": 0.0,
                        "F1_macro_doc_std": 0.0
                    },
                    "strict": {
                        "correct": 4,
                        "incorrect": 0,
                        "partial": 0,
                        "missed": 2,
                        "spurious": 6,
                        "possible": 6,
                        "actual": 10,
                        "TP": 4,
                        "FP": 6,
                        "FN": 2,
                        "P_micro": 0.4,
                        "R_micro": 0.6666666666666666,
                        "F1_micro": 0.5,
                        "P_macro_doc": 0.4,
                        "R_macro_doc": 0.6666666666666666,
                        "F1_macro_doc": 0.5,
                        "P_macro_doc_std": 0.0,
                        "R_macro_doc_std": 0.0,
                        "F1_macro_doc_std": 0.0
                    },
                    "ent_type": {
                        "correct": 4,
                        "incorrect": 0,
                        "partial": 0,
                        "missed": 2,
                        "spurious": 6,
                        "possible": 6,
                        "actual": 10,
                        "TP": 4,
                        "FP": 6,
                        "FN": 2,
                        "P_micro": 0.4,
                        "R_micro": 0.6666666666666666,
                        "F1_micro": 0.5,
                        "P_macro_doc": 0.4,
                        "R_macro_doc": 0.6666666666666666,
                        "F1_macro_doc": 0.5,
                        "P_macro_doc_std": 0.0,
                        "R_macro_doc_std": 0.0,
                        "F1_macro_doc_std": 0.0
                    },
                    "exact": {
                        "correct": 4,
                        "incorrect": 0,
                        "partial": 0,
                        "missed": 2,
                        "spurious": 6,
                        "possible": 6,
                        "actual": 10,
                        "TP": 4,
                        "FP": 6,
                        "FN": 2,
                        "P_micro": 0.4,
                        "R_micro": 0.6666666666666666,
                        "F1_micro": 0.5,
                        "P_macro_doc": 0.4,
                        "R_macro_doc": 0.6666666666666666,
                        "F1_macro_doc": 0.5,
                        "P_macro_doc_std": 0.0,
                        "R_macro_doc_std": 0.0,
                        "F1_macro_doc_std": 0.0
                    }
                },
                "OTH": {
                    "partial": {
                        "correct": 1,
                        "incorrect": 0,
                        "partial": 0,
                        "missed": 14,
                        "spurious": 13,
                        "possible": 15,
                        "actual": 14,
                        "TP": 1,
                        "FP": 13,
                        "FN": 14,
                        "P_micro": 0.07142857142857142,
                        "R_micro": 0.06666666666666667,
                        "F1_micro": 0.0689655172413793,
                        "P_macro_doc": 0.07142857142857142,
                        "R_macro_doc": 0.06666666666666667,
                        "F1_macro_doc": 0.0689655172413793,
                        "P_macro_doc_std": 0.0,
                        "R_macro_doc_std": 0.0,