{
    "NE-COARSE-LIT": {
        "TIME-ALL": {
            "LED-ALL": {
                "PER": {
                    "partial": {
                        "correct": 8,
                        "incorrect": 0,
                        "partial": 3,
                        "missed": 5,
                        "spurious": 0,
                        "possible": 16,
                        "actual": 11,
                        "TP": 8,
                        "FP": 3,
                        "FN": 8,
                        "P_micro": 0.8636363636363636,
                        "R_micro": 0.59375,
                        "F1_micro": 0.7037037037037037,
                        "P_macro_doc": 0.8636363636363636,
                        "R_macro_doc": 0.59375,
                        "F1_macro_doc": 0.7037037037037037,
                        "P_macro_doc_std": 0.0,
                        "R_macro_doc_std": 0.0,
                        "F1_macro_doc_std": 0.0
                    },
                    "strict": {
                        "correct": 8,
                        "incorrect": 3,
                        "partial": 0,
                        "missed": 5,
                        "spurious": 0,
                        "possible": 16,
                        "actual": 11,
                        "TP": 8,
                        "FP": 3,
                        "FN": 8,
                        "P_micro": 0.7272727272727273,
                        "R_micro": 0.5,
                        "F1_micro": 0.5925925925925926,
                        "P_macro_doc": 0.7272727272727273,
                        "R_macro_doc": 0.5,
                        "F1_macro_doc": 0.5925925925925926,
                        "P_macro_doc_std": 0.0,
                        "R_macro_doc_std": 0.0,
                        "F1_macro_doc_std": 0.0
                    },
                    "ent_type": {
                        "correct": 10,
                        "incorrect": 1,
                        "partial": 0,
                        "missed": 5,
                        "spurious": 0,
                        "possible": 16,
                        "actual": 11,
                        "TP": 10,
                        "FP": 1,
                        "FN": 6,
                        "P_micro": 0.9090909090909091,
                        "R_micro": 0.625,
                        "F1_micro": 0.7407407407407406,
                        "P_macro_doc": 0.9090909090909091,
                        "R_macro_doc": 0.625,
                        "F1_macro_doc": 0.7407407407407406,
                        "P_macro_doc_std": 0.0,
                        "R_macro_doc_std": 0.0,
                        "F1_macro_doc_std": 0.0
                    },
                    "exact": {
                        "correct": 8,
                        "incorrect": 3,
                        "partial": 0,
                        "missed": 5,
                        "spurious": 0,
                        "possible": 16,
                        "actual": 11,
                        "TP": 8,
                        "FP": 3,
                        "FN": 8,
                        "P_micro": 0.7272727272727273,
                        "R_micro": 0.5,
                        "F1_micro": 0.5925925925925926,
                        "P_macro_doc": 0.7272727272727273,
                        "R_macro_doc": 0.5,
                        "F1_macro_doc": 0.5925925925925926,
                        "P_macro_doc_std": 0.0,
                        "R_macro_doc_std": 0.0,
                        "F1_macro_doc_std": 0.0
                    }
                },
                "LOC": {
                    "partial": {
                        "correct": 0,
                        "incorrect": 0,
                        "partial": 1,
                        "missed": 0,
                        "spurious": 0,
                        "possible": 1,
                        "actual": 1,
                        "TP": 0,
                        "FP": 1,
                        "FN": 1,
                        "P_micro": 0.5,
                        "R_micro": 0.5,
                        "F1_micro": 0.5,
                        "P_macro_doc": 0.5,
                        "R_macro_doc": 0.5,
                        "F1_macro_doc": 0.5,
                        "P_macro_doc_std": 0.0,
                        "R_macro_doc_std": 0.0,
                        "F1_macro_doc_std": 0.0
                    },
                    "strict": {
                        "correct": 0,
                        "incorrect": 1,
                        "partial": 0,
                        "missed": 0,
                        "spurious": 0,
                        "possible": 1,
                        "actual": 1,
                        "TP": 0,
                        "FP": 1,
                        "FN": 1,
                        "P_micro": 0.0,
                        "R_micro": 0.0,
                        "F1_micro": 0,
                        "P_macro_doc": 0.0,
                        "R_macro_doc": 0.0,
                        "F1_macro_doc": 0.0,
                        "P_macro_doc_std": 0.0,
                        "R_macro_doc_std": 0.0,
                        "F1_macro_doc_std": 0.0
                    },
                    "ent_type": {
                        "correct": 1,
                        "incorrect": 0,
                        "partial": 0,
                        "missed": 0,
                        "spurious": 0,
                        "possible": 1,
                        "actual": 1,
                        "TP": 1,
                        "FP": 0,
                        "FN": 0,
                        "P_micro": 1.0,
                        "R_micro": 1.0,
                        "F1_micro": 1.0,
                        "P_macro_doc": 1.0,
                        "R_macro_doc": 1.0,
                        "F1_macro_doc": 1.0,
                        "P_macro_doc_std": 0.0,
                        "R_macro_doc_std": 0.0,
                        "F1_macro_doc_std": 0.0
                    },
                    "exact": {
                        "correct": 0,
                        "incorrect": 1,
                        "partial": 0,
                        "missed": 0,
                        "spurious": 0,
                        "possible": 1,
                        "actual": 1,
                        "TP": 0,
                        "FP": 1,
                        "FN": 1,
                        "P_micro": 0.0,
                        "R_micro": 0.0,
                        "F1_micro": 0,
                        "P_macro_doc": 0.0,
                        "R_macro_doc": 0.0,
                        "F1_macro_doc": 0.0,
                        "P_macro_doc_std": 0.0,
                        "R_macro_doc_std": 0.0,
                        "F1_macro_doc_std": 0.0
                    }
                },
                "OTH": {
                    "partial": {
                        "correct": 0,
                        "incorrect": 0,
                        "partial": 0,
                        "missed": 1,
                        "spurious": 0,
                        "possible": 1,
                        "actual": 0,
                        "TP": 0,
                        "FP": 0,
                        "FN": 1,
                        "P_micro": 0,
                        "R_micro": 0.0,
                        "F1_micro": 0,
                        "P_macro_doc": null,
                        "R_macro_doc": 0.0,
                        "F1_macro_doc": null,
                        "P_macro_doc_std": null,
                        "R_macro_doc_std": 0.0,
                        "F1_macro_doc_std": null
                    },
                    "strict": {
                        "correct": 0,
                        "incorrect": 0,
                        "partial": 0,