{
    "NE-COARSE-LIT": {
        "TIME-ALL": {
            "LED-ALL": {
                "OTH": {
                    "partial": {
                        "correct": 5,
                        "incorrect": 0,
                        "partial": 0,
                        "missed": 2,
                        "spurious": 4,
                        "possible": 7,
                        "actual": 9,
                        "TP": 5,
                        "FP": 4,
                        "FN": 2,
                        "P_micro": 0.5555555555555556,
                        "R_micro": 0.7142857142857143,
                        "F1_micro": 0.6250000000000001,
                        "P_macro_doc": 0.5555555555555556,
                        "R_macro_doc": 0.7142857142857143,
                        "F1_macro_doc": 0.6250000000000001,
                        "P_macro_doc_std": 0.0,
                        "R_macro_doc_std": 0.0,
                        "F1_macro_doc_std": 0.0
                    },
                    "strict": {
                        "correct": 5,
                        "incorrect": 0,
                        "partial": 0,
                        "missed": 2,
                        "spurious": 4,
                        "possible": 7,
                        "actual": 9,
                        "TP": 5,
                        "FP": 4,
                        "FN": 2,
                        "P_micro": 0.5555555555555556,
                        "R_micro": 0.7142857142857143,
                        "F1_micro": 0.6250000000000001,
                        "P_macro_doc": 0.5555555555555556,
                        "R_macro_doc": 0.7142857142857143,
                        "F1_macro_doc": 0.6250000000000001,
                        "P_macro_doc_std": 0.0,
                        "R_macro_doc_std": 0.0,
                        "F1_macro_doc_std": 0.0
                    },
                    "ent_type": {
                        "correct": 5,
                        "incorrect": 0,
                        "partial": 0,
                        "missed": 2,
                        "spurious": 4,
                        "possible": 7,
                        "actual": 9,
                        "TP": 5,
                        "FP": 4,
                        "FN": 2,
                        "P_micro": 0.5555555555555556,
                        "R_micro": 0.7142857142857143,
                        "F1_micro": 0.6250000000000001,
                        "P_macro_doc": 0.5555555555555556,
                        "R_macro_doc": 0.7142857142857143,
                        "F1_macro_doc": 0.6250000000000001,
                        "P_macro_doc_std": 0.0,
                        "R_macro_doc_std": 0.0,
                        "F1_macro_doc_std": 0.0
                    },
                    "exact": {
                        "correct": 5,
                        "incorrect": 0,
                        "partial": 0,
                        "missed": 2,
                        "spurious": 4,
                        "possible": 7,
                        "actual": 9,
                        "TP": 5,
                        "FP": 4,
                        "FN": 2,
                        "P_micro": 0.5555555555555556,
                        "R_micro": 0.7142857142857143,
                        "F1_micro": 0.6250000000000001,
                        "P_macro_doc": 0.5555555555555556,
                        "R_macro_doc": 0.7142857142857143,
                        "F1_macro_doc": 0.6250000000000001,
                        "P_macro_doc_std": 0.0,
                        "R_macro_doc_std": 0.0,
                        "F1_macro_doc_std": 0.0
                    }
                },
                "PER": {
                    "partial": {
                        "correct": 7,
                        "incorrect": 0,
                        "partial": 0,
                        "missed": 4,
                        "spurious": 1,
                        "possible": 11,
                        "actual": 8,
                        "TP": 7,
                        "FP": 1,
                        "FN": 4,
                        "P_micro": 0.875,
                        "R_micro": 0.6363636363636364,
                        "F1_micro": 0.7368421052631579,
                        "P_macro_doc": 0.875,
                        "R_macro_doc": 0.6363636363636364,
                        "F1_macro_doc": 0.7368421052631579,
                        "P_macro_doc_std": 0.0,
                        "R_macro_doc_std": 0.0,
                        "F1_macro_doc_std": 0.0
                    },
                    "strict": {
                        "correct": 7,
                        "incorrect": 0,
                        "partial": 0,
                        "missed": 4,
                        "spurious": 1,
                        "possible": 11,
                        "actual": 8,
                        "TP": 7,
                        "FP": 1,
                        "FN": 4,
                        "P_micro": 0.875,
                        "R_micro": 0.6363636363636364,
                        "F1_micro": 0.7368421052631579,
                        "P_macro_doc": 0.875,
                        "R_macro_doc": 0.6363636363636364,
                        "F1_macro_doc": 0.7368421052631579,
                        "P_macro_doc_std": 0.0,
                        "R_macro_doc_std": 0.0,
                        "F1_macro_doc_std": 0.0
                    },
                    "ent_type": {
                        "correct": 7,
                        "incorrect": 0,
                        "partial": 0,
                        "missed": 4,
                        "spurious": 1,
                        "possible": 11,
                        "actual": 8,
                        "TP": 7,
                        "FP": 1,
                        "FN": 4,
                        "P_micro": 0.875,
                        "R_micro": 0.6363636363636364,
                        "F1_micro": 0.7368421052631579,
                        "P_macro_doc": 0.875,
                        "R_macro_doc": 0.6363636363636364,
                        "F1_macro_doc": 0.7368421052631579,
                        "P_macro_doc_std": 0.0,
                        "R_macro_doc_std": 0.0,
                        "F1_macro_doc_std": 0.0
                    },
                    "exact": {
                        "correct": 7,
                        "incorrect": 0,
                        "partial": 0,
                        "missed": 4,
                        "spurious": 1,
                        "possible": 11,
                        "actual": 8,
                        "TP": 7,
                        "FP": 1,
                        "FN": 4,
                        "P_micro": 0.875,
                        "R_micro": 0.6363636363636364,
                        "F1_micro": 0.7368421052631579,
                        "P_macro_doc": 0.875,
                        "R_macro_doc": 0.6363636363636364,
                        "F1_macro_doc": 0.7368421052631579,
                        "P_macro_doc_std": 0.0,
                        "R_macro_doc_std": 0.0,
                        "F1_macro_doc_std": 0.0
                    }
                },
                "ALL": {
                    "partial": {
                        "correct": 12,
                        "incorrect": 0,
                        "partial": 0,
                        "missed": 6,
                        "spurious": 5,
                        "possible": 18,
                        "actual": 17,
                        "TP": 12,
                        "FP": 5,
                        "FN": 6,
                        "P_micro": 0.7058823529411765,
                        "R_micro": 0.6666666666666666,
                        "F1_micro": 0.6857142857142857,
                        "P_macro_doc": 0.7058823529411765,