{
    "NE-COARSE-LIT": {
        "TIME-ALL": {
            "LED-ALL": {
                "PER": {
                    "partial": {
                        "correct": 3,
                        "incorrect": 0,
                        "partial": 3,
                        "missed": 5,
                        "spurious": 1,
                        "possible": 11,
                        "actual": 7,
                        "TP": 3,
                        "FP": 4,
                        "FN": 8,
                        "P_micro": 0.6428571428571429,
                        "R_micro": 0.4090909090909091,
                        "F1_micro": 0.5000000000000001,
                        "P_macro_doc": 0.6428571428571429,
                        "R_macro_doc": 0.4090909090909091,
                        "F1_macro_doc": 0.5000000000000001,
                        "P_macro_doc_std": 0.0,
                        "R_macro_doc_std": 0.0,
                        "F1_macro_doc_std": 0.0
                    },
                    "strict": {
                        "correct": 3,
                        "incorrect": 3,
                        "partial": 0,
                        "missed": 5,
                        "spurious": 1,
                        "possible": 11,
                        "actual": 7,
                        "TP": 3,
                        "FP": 4,
                        "FN": 8,
                        "P_micro": 0.42857142857142855,
                        "R_micro": 0.2727272727272727,
                        "F1_micro": 0.33333333333333326,
                        "P_macro_doc": 0.42857142857142855,
                        "R_macro_doc": 0.2727272727272727,
                        "F1_macro_doc": 0.33333333333333326,
                        "P_macro_doc_std": 0.0,
                        "R_macro_doc_std": 0.0,
                        "F1_macro_doc_std": 0.0
                    },
                    "ent_type": {
                        "correct": 4,
                        "incorrect": 2,
                        "partial": 0,
                        "missed": 5,
                        "spurious": 1,
                        "possible": 11,
                        "actual": 7,
                        "TP": 4,
                        "FP": 3,
                        "FN": 7,
                        "P_micro": 0.5714285714285714,
                        "R_micro": 0.36363636363636365,
                        "F1_micro": 0.4444444444444444,
                        "P_macro_doc": 0.5714285714285714,
                        "R_macro_doc": 0.36363636363636365,
                        "F1_macro_doc": 0.4444444444444444,
                        "P_macro_doc_std": 0.0,
                        "R_macro_doc_std": 0.0,
                        "F1_macro_doc_std": 0.0
                    },
                    "exact": {
                        "correct": 3,
                        "incorrect": 3,
                        "partial": 0,
                        "missed": 5,
                        "spurious": 1,
                        "possible": 11,
                        "actual": 7,
                        "TP": 3,
                        "FP": 4,
                        "FN": 8,
                        "P_micro": 0.42857142857142855,
                        "R_micro": 0.2727272727272727,
                        "F1_micro": 0.33333333333333326,
                        "P_macro_doc": 0.42857142857142855,
                        "R_macro_doc": 0.2727272727272727,
                        "F1_macro_doc": 0.33333333333333326,
                        "P_macro_doc_std": 0.0,
                        "R_macro_doc_std": 0.0,
                        "F1_macro_doc_std": 0.0
                    }
                },
                "OTH": {
                    "partial": {
                        "correct": 0,
                        "incorrect": 0,
                        "partial": 1,
                        "missed": 5,
                        "spurious": 0,
                        "possible": 6,
                        "actual": 1,
                        "TP": 0,
                        "FP": 1,
                        "FN": 6,
                        "P_micro": 0.5,
                        "R_micro": 0.08333333333333333,
                        "F1_micro": 0.14285714285714285,
                        "P_macro_doc": 0.5,
                        "R_macro_doc": 0.08333333333333333,
                        "F1_macro_doc": 0.14285714285714285,
                        "P_macro_doc_std": 0.0,
                        "R_macro_doc_std": 0.0,
                        "F1_macro_doc_std": 0.0
                    },
                    "strict": {
                        "correct": 0,
                        "incorrect": 1,
                        "partial": 0,
                        "missed": 5,
                        "spurious": 0,
                        "possible": 6,
                        "actual": 1,
                        "TP": 0,
                        "FP": 1,
                        "FN": 6,
                        "P_micro": 0.0,
                        "R_micro": 0.0,
                        "F1_micro": 0,
                        "P_macro_doc": 0.0,
                        "R_macro_doc": 0.0,
                        "F1_macro_doc": 0.0,
                        "P_macro_doc_std": 0.0,
                        "R_macro_doc_std": 0.0,
                        "F1_macro_doc_std": 0.0
                    },
                    "ent_type": {
                        "correct": 1,
                        "incorrect": 0,
                        "partial": 0,
                        "missed": 5,
                        "spurious": 0,
                        "possible": 6,
                        "actual": 1,
                        "TP": 1,
                        "FP": 0,
                        "FN": 5,
                        "P_micro": 1.0,
                        "R_micro": 0.16666666666666666,
                        "F1_micro": 0.2857142857142857,
                        "P_macro_doc": 1.0,
                        "R_macro_doc": 0.16666666666666666,
                        "F1_macro_doc": 0.2857142857142857,
                        "P_macro_doc_std": 0.0,
                        "R_macro_doc_std": 0.0,
                        "F1_macro_doc_std": 0.0
                    },
                    "exact": {
                        "correct": 0,
                        "incorrect": 1,
                        "partial": 0,
                        "missed": 5,
                        "spurious": 0,
                        "possible": 6,
                        "actual": 1,
                        "TP": 0,
                        "FP": 1,
                        "FN": 6,
                        "P_micro": 0.0,
                        "R_micro": 0.0,
                        "F1_micro": 0,
                        "P_macro_doc": 0.0,
                        "R_macro_doc": 0.0,
                        "F1_macro_doc": 0.0,
                        "P_macro_doc_std": 0.0,
                        "R_macro_doc_std": 0.0,
                        "F1_macro_doc_std": 0.0
                    }
                },
                "ALL": {
                    "partial": {
                        "correct": 3,
                        "incorrect": 0,
                        "partial": 4,
                        "missed": 10,
                        "spurious": 1,
                        "possible": 17,
                        "actual": 8,
                        "TP": 3,
                        "FP": 5,
                        "FN": 14,
                        "P_micro": 0.625,
                        "R_micro": 0.29411764705882354,
                        "F1_micro": 0.4,
                        "P_macro_doc": 0.625,
                        "R_macro_doc": 0.29411764705882354,
                        "F1_macro_doc": 0.4,
                        "P_macro_doc_std": 0.0,