{
    "NE-COARSE-LIT": {
        "TIME-ALL": {
            "LED-ALL": {
                "PER": {
                    "partial": {
                        "correct": 7,
                        "incorrect": 0,
                        "partial": 1,
                        "missed": 3,
                        "spurious": 1,
                        "possible": 11,
                        "actual": 9,
                        "TP": 7,
                        "FP": 2,
                        "FN": 4,
                        "P_micro": 0.8333333333333334,
                        "R_micro": 0.6818181818181818,
                        "F1_micro": 0.7499999999999999,
                        "P_macro_doc": 0.8333333333333334,
                        "R_macro_doc": 0.6818181818181818,
                        "F1_macro_doc": 0.7499999999999999,
                        "P_macro_doc_std": 0.0,
                        "R_macro_doc_std": 0.0,
                        "F1_macro_doc_std": 0.0
                    },
                    "strict": {
                        "correct": 7,
                        "incorrect": 1,
                        "partial": 0,
                        "missed": 3,
                        "spurious": 1,
                        "possible": 11,
                        "actual": 9,
                        "TP": 7,
                        "FP": 2,
                        "FN": 4,
                        "P_micro": 0.7777777777777778,
                        "R_micro": 0.6363636363636364,
                        "F1_micro": 0.7000000000000001,
                        "P_macro_doc": 0.7777777777777778,
                        "R_macro_doc": 0.6363636363636364,
                        "F1_macro_doc": 0.7000000000000001,
                        "P_macro_doc_std": 0.0,
                        "R_macro_doc_std": 0.0,
                        "F1_macro_doc_std": 0.0
                    },
                    "ent_type": {
                        "correct": 8,
                        "incorrect": 0,
                        "partial": 0,
                        "missed": 3,
                        "spurious": 1,
                        "possible": 11,
                        "actual": 9,
                        "TP": 8,
                        "FP": 1,
                        "FN": 3,
                        "P_micro": 0.8888888888888888,
                        "R_micro": 0.7272727272727273,
                        "F1_micro": 0.7999999999999999,
                        "P_macro_doc": 0.8888888888888888,
                        "R_macro_doc": 0.7272727272727273,
                        "F1_macro_doc": 0.7999999999999999,
                        "P_macro_doc_std": 0.0,
                        "R_macro_doc_std": 0.0,
                        "F1_macro_doc_std": 0.0
                    },
                    "exact": {
                        "correct": 7,
                        "incorrect": 1,
                        "partial": 0,
                        "missed": 3,
                        "spurious": 1,
                        "possible": 11,
                        "actual": 9,
                        "TP": 7,
                        "FP": 2,
                        "FN": 4,
                        "P_micro": 0.7777777777777778,
                        "R_micro": 0.6363636363636364,
                        "F1_micro": 0.7000000000000001,
                        "P_macro_doc": 0.7777777777777778,
                        "R_macro_doc": 0.6363636363636364,
                        "F1_macro_doc": 0.7000000000000001,
                        "P_macro_doc_std": 0.0,
                        "R_macro_doc_std": 0.0,
                        "F1_macro_doc_std": 0.0
                    }
                },
                "OTH": {
                    "partial": {
                        "correct": 0,
                        "incorrect": 0,
                        "partial": 0,
                        "missed": 3,
                        "spurious": 0,
                        "possible": 3,
                        "actual": 0,
                        "TP": 0,
                        "FP": 0,
                        "FN": 3,
                        "P_micro": 0,
                        "R_micro": 0.0,
                        "F1_micro": 0,
                        "P_macro_doc": null,
                        "R_macro_doc": 0.0,
                        "F1_macro_doc": null,
                        "P_macro_doc_std": null,
                        "R_macro_doc_std": 0.0,
                        "F1_macro_doc_std": null
                    },
                    "strict": {
                        "correct": 0,
                        "incorrect": 0,
                        "partial": 0,
                        "missed": 3,
                        "spurious": 0,
                        "possible": 3,
                        "actual": 0,
                        "TP": 0,
                        "FP": 0,
                        "FN": 3,
                        "P_micro": 0,
                        "R_micro": 0.0,
                        "F1_micro": 0,
                        "P_macro_doc": null,
                        "R_macro_doc": 0.0,
                        "F1_macro_doc": null,
                        "P_macro_doc_std": null,
                        "R_macro_doc_std": 0.0,
                        "F1_macro_doc_std": null
                    },
                    "ent_type": {
                        "correct": 0,
                        "incorrect": 0,
                        "partial": 0,
                        "missed": 3,
                        "spurious": 0,
                        "possible": 3,
                        "actual": 0,
                        "TP": 0,
                        "FP": 0,
                        "FN": 3,
                        "P_micro": 0,
                        "R_micro": 0.0,
                        "F1_micro": 0,
                        "P_macro_doc": null,
                        "R_macro_doc": 0.0,
                        "F1_macro_doc": null,
                        "P_macro_doc_std": null,
                        "R_macro_doc_std": 0.0,
                        "F1_macro_doc_std": null
                    },
                    "exact": {
                        "correct": 0,
                        "incorrect": 0,
                        "partial": 0,
                        "missed": 3,
                        "spurious": 0,
                        "possible": 3,
                        "actual": 0,
                        "TP": 0,
                        "FP": 0,
                        "FN": 3,
                        "P_micro": 0,
                        "R_micro": 0.0,
                        "F1_micro": 0,
                        "P_macro_doc": null,
                        "R_macro_doc": 0.0,
                        "F1_macro_doc": null,
                        "P_macro_doc_std": null,
                        "R_macro_doc_std": 0.0,
                        "F1_macro_doc_std": null
                    }
                },
                "ALL": {
                    "partial": {
                        "correct": 7,
                        "incorrect": 0,
                        "partial": 1,
                        "missed": 6,
                        "spurious": 1,
                        "possible": 14,
                        "actual": 9,
                        "TP": 7,
                        "FP": 2,
                        "FN": 7,
                        "P_micro": 0.8333333333333334,
                        "R_micro": 0.5357142857142857,
                        "F1_micro": 0.6521739130434783,
                        "P_macro_doc": 0.8333333333333334,
                        "R_macro_doc": 0.5357142857142857,
                        "F1_macro_doc": 0.6521739130434783,
                        "P_macro_doc_std": 0.0,
                        "R_macro_doc_std": 0.0,
                        "F1_macro_doc_std": 0.0,