{
    "NE-COARSE-LIT": {
        "TIME-ALL": {
            "LED-ALL": {
                "PER": {
                    "partial": {
                        "correct": 7,
                        "incorrect": 0,
                        "partial": 2,
                        "missed": 14,
                        "spurious": 1,
                        "possible": 23,
                        "actual": 10,
                        "TP": 7,
                        "FP": 3,
                        "FN": 16,
                        "P_micro": 0.8,
                        "R_micro": 0.34782608695652173,
                        "F1_micro": 0.48484848484848486,
                        "P_macro_doc": 0.8,
                        "R_macro_doc": 0.34782608695652173,
                        "F1_macro_doc": 0.48484848484848486,
                        "P_macro_doc_std": 0.0,
                        "R_macro_doc_std": 0.0,
                        "F1_macro_doc_std": 0.0
                    },
                    "strict": {
                        "correct": 5,
                        "incorrect": 4,
                        "partial": 0,
                        "missed": 14,
                        "spurious": 1,
                        "possible": 23,
                        "actual": 10,
                        "TP": 5,
                        "FP": 5,
                        "FN": 18,
                        "P_micro": 0.5,
                        "R_micro": 0.21739130434782608,
                        "F1_micro": 0.30303030303030304,
                        "P_macro_doc": 0.5,
                        "R_macro_doc": 0.21739130434782608,
                        "F1_macro_doc": 0.30303030303030304,
                        "P_macro_doc_std": 0.0,
                        "R_macro_doc_std": 0.0,
                        "F1_macro_doc_std": 0.0
                    },
                    "ent_type": {
                        "correct": 7,
                        "incorrect": 2,
                        "partial": 0,
                        "missed": 14,
                        "spurious": 1,
                        "possible": 23,
                        "actual": 10,
                        "TP": 7,
                        "FP": 3,
                        "FN": 16,
                        "P_micro": 0.7,
                        "R_micro": 0.30434782608695654,
                        "F1_micro": 0.42424242424242425,
                        "P_macro_doc": 0.7,
                        "R_macro_doc": 0.30434782608695654,
                        "F1_macro_doc": 0.42424242424242425,
                        "P_macro_doc_std": 0.0,
                        "R_macro_doc_std": 0.0,
                        "F1_macro_doc_std": 0.0
                    },
                    "exact": {
                        "correct": 7,
                        "incorrect": 2,
                        "partial": 0,
                        "missed": 14,
                        "spurious": 1,
                        "possible": 23,
                        "actual": 10,
                        "TP": 7,
                        "FP": 3,
                        "FN": 16,
                        "P_micro": 0.7,
                        "R_micro": 0.30434782608695654,
                        "F1_micro": 0.42424242424242425,
                        "P_macro_doc": 0.7,
                        "R_macro_doc": 0.30434782608695654,
                        "F1_macro_doc": 0.42424242424242425,
                        "P_macro_doc_std": 0.0,
                        "R_macro_doc_std": 0.0,
                        "F1_macro_doc_std": 0.0
                    }
                },
                "LOC": {
                    "partial": {
                        "correct": 5,
                        "incorrect": 0,
                        "partial": 0,
                        "missed": 2,
                        "spurious": 5,
                        "possible": 7,
                        "actual": 10,
                        "TP": 5,
                        "FP": 5,
                        "FN": 2,
                        "P_micro": 0.5,
                        "R_micro": 0.7142857142857143,
                        "F1_micro": 0.588235294117647,
                        "P_macro_doc": 0.5,
                        "R_macro_doc": 0.7142857142857143,
                        "F1_macro_doc": 0.588235294117647,
                        "P_macro_doc_std": 0.0,
                        "R_macro_doc_std": 0.0,
                        "F1_macro_doc_std": 0.0
                    },
                    "strict": {
                        "correct": 5,
                        "incorrect": 0,
                        "partial": 0,
                        "missed": 2,
                        "spurious": 5,
                        "possible": 7,
                        "actual": 10,
                        "TP": 5,
                        "FP": 5,
                        "FN": 2,
                        "P_micro": 0.5,
                        "R_micro": 0.7142857142857143,
                        "F1_micro": 0.588235294117647,
                        "P_macro_doc": 0.5,
                        "R_macro_doc": 0.7142857142857143,
                        "F1_macro_doc": 0.588235294117647,
                        "P_macro_doc_std": 0.0,
                        "R_macro_doc_std": 0.0,
                        "F1_macro_doc_std": 0.0
                    },
                    "ent_type": {
                        "correct": 5,
                        "incorrect": 0,
                        "partial": 0,
                        "missed": 2,
                        "spurious": 5,
                        "possible": 7,
                        "actual": 10,
                        "TP": 5,
                        "FP": 5,
                        "FN": 2,
                        "P_micro": 0.5,
                        "R_micro": 0.7142857142857143,
                        "F1_micro": 0.588235294117647,
                        "P_macro_doc": 0.5,
                        "R_macro_doc": 0.7142857142857143,
                        "F1_macro_doc": 0.588235294117647,
                        "P_macro_doc_std": 0.0,
                        "R_macro_doc_std": 0.0,
                        "F1_macro_doc_std": 0.0
                    },
                    "exact": {
                        "correct": 5,
                        "incorrect": 0,
                        "partial": 0,
                        "missed": 2,
                        "spurious": 5,
                        "possible": 7,
                        "actual": 10,
                        "TP": 5,
                        "FP": 5,
                        "FN": 2,
                        "P_micro": 0.5,
                        "R_micro": 0.7142857142857143,
                        "F1_micro": 0.588235294117647,
                        "P_macro_doc": 0.5,
                        "R_macro_doc": 0.7142857142857143,
                        "F1_macro_doc": 0.588235294117647,
                        "P_macro_doc_std": 0.0,
                        "R_macro_doc_std": 0.0,
                        "F1_macro_doc_std": 0.0
                    }
                },
                "OTH": {
                    "partial": {
                        "correct": 2,
                        "incorrect": 0,
                        "partial": 0,
                        "missed": 7,
                        "spurious": 11,
                        "possible": 9,
                        "actual": 13,
                        "TP": 2,
                        "FP": 11,
                        "FN": 7,
                        "P_micro": 0.15384615384615385,
                        "R_micro": 0.2222222222222222,
                        "F1_micro": 0.18181818181818185,
                        "P_macro_doc": 0.15384615384615385,
                        "R_macro_doc": 0.2222222222222222,