{
    "NE-COARSE-LIT": {
        "TIME-ALL": {
            "LED-ALL": {
                "OTH": {
                    "partial": {
                        "correct": 9,
                        "incorrect": 0,
                        "partial": 1,
                        "missed": 0,
                        "spurious": 2,
                        "possible": 10,
                        "actual": 12,
                        "TP": 9,
                        "FP": 3,
                        "FN": 1,
                        "P_micro": 0.7916666666666666,
                        "R_micro": 0.95,
                        "F1_micro": 0.8636363636363635,
                        "P_macro_doc": 0.7916666666666666,
                        "R_macro_doc": 0.95,
                        "F1_macro_doc": 0.8636363636363635,
                        "P_macro_doc_std": 0.0,
                        "R_macro_doc_std": 0.0,
                        "F1_macro_doc_std": 0.0
                    },
                    "strict": {
                        "correct": 7,
                        "incorrect": 3,
                        "partial": 0,
                        "missed": 0,
                        "spurious": 2,
                        "possible": 10,
                        "actual": 12,
                        "TP": 7,
                        "FP": 5,
                        "FN": 3,
                        "P_micro": 0.5833333333333334,
                        "R_micro": 0.7,
                        "F1_micro": 0.6363636363636365,
                        "P_macro_doc": 0.5833333333333334,
                        "R_macro_doc": 0.7,
                        "F1_macro_doc": 0.6363636363636365,
                        "P_macro_doc_std": 0.0,
                        "R_macro_doc_std": 0.0,
                        "F1_macro_doc_std": 0.0
                    },
                    "ent_type": {
                        "correct": 8,
                        "incorrect": 2,
                        "partial": 0,
                        "missed": 0,
                        "spurious": 2,
                        "possible": 10,
                        "actual": 12,
                        "TP": 8,
                        "FP": 4,
                        "FN": 2,
                        "P_micro": 0.6666666666666666,
                        "R_micro": 0.8,
                        "F1_micro": 0.7272727272727272,
                        "P_macro_doc": 0.6666666666666666,
                        "R_macro_doc": 0.8,
                        "F1_macro_doc": 0.7272727272727272,
                        "P_macro_doc_std": 0.0,
                        "R_macro_doc_std": 0.0,
                        "F1_macro_doc_std": 0.0
                    },
                    "exact": {
                        "correct": 9,
                        "incorrect": 1,
                        "partial": 0,
                        "missed": 0,
                        "spurious": 2,
                        "possible": 10,
                        "actual": 12,
                        "TP": 9,
                        "FP": 3,
                        "FN": 1,
                        "P_micro": 0.75,
                        "R_micro": 0.9,
                        "F1_micro": 0.8181818181818182,
                        "P_macro_doc": 0.75,
                        "R_macro_doc": 0.9,
                        "F1_macro_doc": 0.8181818181818182,
                        "P_macro_doc_std": 0.0,
                        "R_macro_doc_std": 0.0,
                        "F1_macro_doc_std": 0.0
                    }
                },
                "LOC": {
                    "partial": {
                        "correct": 1,
                        "incorrect": 0,
                        "partial": 0,
                        "missed": 0,
                        "spurious": 3,
                        "possible": 1,
                        "actual": 4,
                        "TP": 1,
                        "FP": 3,
                        "FN": 0,
                        "P_micro": 0.25,
                        "R_micro": 1.0,
                        "F1_micro": 0.4,
                        "P_macro_doc": 0.25,
                        "R_macro_doc": 1.0,
                        "F1_macro_doc": 0.4,
                        "P_macro_doc_std": 0.0,
                        "R_macro_doc_std": 0.0,
                        "F1_macro_doc_std": 0.0
                    },
                    "strict": {
                        "correct": 1,
                        "incorrect": 0,
                        "partial": 0,
                        "missed": 0,
                        "spurious": 3,
                        "possible": 1,
                        "actual": 4,
                        "TP": 1,
                        "FP": 3,
                        "FN": 0,
                        "P_micro": 0.25,
                        "R_micro": 1.0,
                        "F1_micro": 0.4,
                        "P_macro_doc": 0.25,
                        "R_macro_doc": 1.0,
                        "F1_macro_doc": 0.4,
                        "P_macro_doc_std": 0.0,
                        "R_macro_doc_std": 0.0,
                        "F1_macro_doc_std": 0.0
                    },
                    "ent_type": {
                        "correct": 1,
                        "incorrect": 0,
                        "partial": 0,
                        "missed": 0,
                        "spurious": 3,
                        "possible": 1,
                        "actual": 4,
                        "TP": 1,
                        "FP": 3,
                        "FN": 0,
                        "P_micro": 0.25,
                        "R_micro": 1.0,
                        "F1_micro": 0.4,
                        "P_macro_doc": 0.25,
                        "R_macro_doc": 1.0,
                        "F1_macro_doc": 0.4,
                        "P_macro_doc_std": 0.0,
                        "R_macro_doc_std": 0.0,
                        "F1_macro_doc_std": 0.0
                    },
                    "exact": {
                        "correct": 1,
                        "incorrect": 0,
                        "partial": 0,
                        "missed": 0,
                        "spurious": 3,
                        "possible": 1,
                        "actual": 4,
                        "TP": 1,
                        "FP": 3,
                        "FN": 0,
                        "P_micro": 0.25,
                        "R_micro": 1.0,
                        "F1_micro": 0.4,
                        "P_macro_doc": 0.25,
                        "R_macro_doc": 1.0,
                        "F1_macro_doc": 0.4,
                        "P_macro_doc_std": 0.0,
                        "R_macro_doc_std": 0.0,
                        "F1_macro_doc_std": 0.0
                    }
                },
                "PER": {
                    "partial": {
                        "correct": 0,
                        "incorrect": 0,
                        "partial": 0,
                        "missed": 6,
                        "spurious": 0,
                        "possible": 6,
                        "actual": 0,
                        "TP": 0,
                        "FP": 0,
                        "FN": 6,
                        "P_micro": 0,
                        "R_micro": 0.0,
                        "F1_micro": 0,
                        "P_macro_doc": null,
                        "R_macro_doc": 0.0,
                        "F1_macro_doc": null,
                        "P_macro_doc_std": null,
                        "R_macro_doc_std": 0.0,
                        "F1_macro_doc_std": null
                    },
                    "strict": {
                        "correct": 0,
                        "incorrect": 0,
                        "partial": 0,
                        "missed": 6,