{
    "NE-COARSE-LIT": {
        "TIME-ALL": {
            "LED-ALL": {
                "OTH": {
                    "partial": {
                        "correct": 5,
                        "incorrect": 0,
                        "partial": 0,
                        "missed": 2,
                        "spurious": 6,
                        "possible": 7,
                        "actual": 11,
                        "TP": 5,
                        "FP": 6,
                        "FN": 2,
                        "P_micro": 0.45454545454545453,
                        "R_micro": 0.7142857142857143,
                        "F1_micro": 0.5555555555555556,
                        "P_macro_doc": 0.45454545454545453,
                        "R_macro_doc": 0.7142857142857143,
                        "F1_macro_doc": 0.5555555555555556,
                        "P_macro_doc_std": 0.0,
                        "R_macro_doc_std": 0.0,
                        "F1_macro_doc_std": 0.0
                    },
                    "strict": {
                        "correct": 5,
                        "incorrect": 0,
                        "partial": 0,
                        "missed": 2,
                        "spurious": 6,
                        "possible": 7,
                        "actual": 11,
                        "TP": 5,
                        "FP": 6,
                        "FN": 2,
                        "P_micro": 0.45454545454545453,
                        "R_micro": 0.7142857142857143,
                        "F1_micro": 0.5555555555555556,
                        "P_macro_doc": 0.45454545454545453,
                        "R_macro_doc": 0.7142857142857143,
                        "F1_macro_doc": 0.5555555555555556,
                        "P_macro_doc_std": 0.0,
                        "R_macro_doc_std": 0.0,
                        "F1_macro_doc_std": 0.0
                    },
                    "ent_type": {
                        "correct": 5,
                        "incorrect": 0,
                        "partial": 0,
                        "missed": 2,
                        "spurious": 6,
                        "possible": 7,
                        "actual": 11,
                        "TP": 5,
                        "FP": 6,
                        "FN": 2,
                        "P_micro": 0.45454545454545453,
                        "R_micro": 0.7142857142857143,
                        "F1_micro": 0.5555555555555556,
                        "P_macro_doc": 0.45454545454545453,
                        "R_macro_doc": 0.7142857142857143,
                        "F1_macro_doc": 0.5555555555555556,
                        "P_macro_doc_std": 0.0,
                        "R_macro_doc_std": 0.0,
                        "F1_macro_doc_std": 0.0
                    },
                    "exact": {
                        "correct": 5,
                        "incorrect": 0,
                        "partial": 0,
                        "missed": 2,
                        "spurious": 6,
                        "possible": 7,
                        "actual": 11,
                        "TP": 5,
                        "FP": 6,
                        "FN": 2,
                        "P_micro": 0.45454545454545453,
                        "R_micro": 0.7142857142857143,
                        "F1_micro": 0.5555555555555556,
                        "P_macro_doc": 0.45454545454545453,
                        "R_macro_doc": 0.7142857142857143,
                        "F1_macro_doc": 0.5555555555555556,
                        "P_macro_doc_std": 0.0,
                        "R_macro_doc_std": 0.0,
                        "F1_macro_doc_std": 0.0
                    }
                },
                "LOC": {
                    "partial": {
                        "correct": 3,
                        "incorrect": 0,
                        "partial": 1,
                        "missed": 3,
                        "spurious": 1,
                        "possible": 7,
                        "actual": 5,
                        "TP": 3,
                        "FP": 2,
                        "FN": 4,
                        "P_micro": 0.7,
                        "R_micro": 0.5,
                        "F1_micro": 0.5833333333333334,
                        "P_macro_doc": 0.7,
                        "R_macro_doc": 0.5,
                        "F1_macro_doc": 0.5833333333333334,
                        "P_macro_doc_std": 0.0,
                        "R_macro_doc_std": 0.0,
                        "F1_macro_doc_std": 0.0
                    },
                    "strict": {
                        "correct": 3,
                        "incorrect": 1,
                        "partial": 0,
                        "missed": 3,
                        "spurious": 1,
                        "possible": 7,
                        "actual": 5,
                        "TP": 3,
                        "FP": 2,
                        "FN": 4,
                        "P_micro": 0.6,
                        "R_micro": 0.42857142857142855,
                        "F1_micro": 0.5,
                        "P_macro_doc": 0.6,
                        "R_macro_doc": 0.42857142857142855,
                        "F1_macro_doc": 0.5,
                        "P_macro_doc_std": 0.0,
                        "R_macro_doc_std": 0.0,
                        "F1_macro_doc_std": 0.0
                    },
                    "ent_type": {
                        "correct": 3,
                        "incorrect": 1,
                        "partial": 0,
                        "missed": 3,
                        "spurious": 1,
                        "possible": 7,
                        "actual": 5,
                        "TP": 3,
                        "FP": 2,
                        "FN": 4,
                        "P_micro": 0.6,
                        "R_micro": 0.42857142857142855,
                        "F1_micro": 0.5,
                        "P_macro_doc": 0.6,
                        "R_macro_doc": 0.42857142857142855,
                        "F1_macro_doc": 0.5,
                        "P_macro_doc_std": 0.0,
                        "R_macro_doc_std": 0.0,
                        "F1_macro_doc_std": 0.0
                    },
                    "exact": {
                        "correct": 3,
                        "incorrect": 1,
                        "partial": 0,
                        "missed": 3,
                        "spurious": 1,
                        "possible": 7,
                        "actual": 5,
                        "TP": 3,
                        "FP": 2,
                        "FN": 4,
                        "P_micro": 0.6,
                        "R_micro": 0.42857142857142855,
                        "F1_micro": 0.5,
                        "P_macro_doc": 0.6,
                        "R_macro_doc": 0.42857142857142855,
                        "F1_macro_doc": 0.5,
                        "P_macro_doc_std": 0.0,
                        "R_macro_doc_std": 0.0,
                        "F1_macro_doc_std": 0.0
                    }
                },
                "PER": {
                    "partial": {
                        "correct": 1,
                        "incorrect": 0,
                        "partial": 0,
                        "missed": 0,
                        "spurious": 2,
                        "possible": 1,
                        "actual": 3,
                        "TP": 1,
                        "FP": 2,
                        "FN": 0,
                        "P_micro": 0.3333333333333333,
                        "R_micro": 1.0,
                        "F1_micro": 0.5,
                        "P_macro_doc": 0.3333333333333333,
                        "R_macro_doc": 1.0,
                        "F1_macro_doc": 0.5,
                        "P_macro_doc_std": 0.0,