{
    "NE-COARSE-LIT": {
        "TIME-ALL": {
            "LED-ALL": {
                "OTH": {
                    "partial": {
                        "correct": 1,
                        "incorrect": 0,
                        "partial": 0,
                        "missed": 0,
                        "spurious": 8,
                        "possible": 1,
                        "actual": 9,
                        "TP": 1,
                        "FP": 8,
                        "FN": 0,
                        "P_micro": 0.1111111111111111,
                        "R_micro": 1.0,
                        "F1_micro": 0.19999999999999998,
                        "P_macro_doc": 0.1111111111111111,
                        "R_macro_doc": 1.0,
                        "F1_macro_doc": 0.19999999999999998,
                        "P_macro_doc_std": 0.0,
                        "R_macro_doc_std": 0.0,
                        "F1_macro_doc_std": 0.0
                    },
                    "strict": {
                        "correct": 1,
                        "incorrect": 0,
                        "partial": 0,
                        "missed": 0,
                        "spurious": 8,
                        "possible": 1,
                        "actual": 9,
                        "TP": 1,
                        "FP": 8,
                        "FN": 0,
                        "P_micro": 0.1111111111111111,
                        "R_micro": 1.0,
                        "F1_micro": 0.19999999999999998,
                        "P_macro_doc": 0.1111111111111111,
                        "R_macro_doc": 1.0,
                        "F1_macro_doc": 0.19999999999999998,
                        "P_macro_doc_std": 0.0,
                        "R_macro_doc_std": 0.0,
                        "F1_macro_doc_std": 0.0
                    },
                    "ent_type": {
                        "correct": 1,
                        "incorrect": 0,
                        "partial": 0,
                        "missed": 0,
                        "spurious": 8,
                        "possible": 1,
                        "actual": 9,
                        "TP": 1,
                        "FP": 8,
                        "FN": 0,
                        "P_micro": 0.1111111111111111,
                        "R_micro": 1.0,
                        "F1_micro": 0.19999999999999998,
                        "P_macro_doc": 0.1111111111111111,
                        "R_macro_doc": 1.0,
                        "F1_macro_doc": 0.19999999999999998,
                        "P_macro_doc_std": 0.0,
                        "R_macro_doc_std": 0.0,
                        "F1_macro_doc_std": 0.0
                    },
                    "exact": {
                        "correct": 1,
                        "incorrect": 0,
                        "partial": 0,
                        "missed": 0,
                        "spurious": 8,
                        "possible": 1,
                        "actual": 9,
                        "TP": 1,
                        "FP": 8,
                        "FN": 0,
                        "P_micro": 0.1111111111111111,
                        "R_micro": 1.0,
                        "F1_micro": 0.19999999999999998,
                        "P_macro_doc": 0.1111111111111111,
                        "R_macro_doc": 1.0,
                        "F1_macro_doc": 0.19999999999999998,
                        "P_macro_doc_std": 0.0,
                        "R_macro_doc_std": 0.0,
                        "F1_macro_doc_std": 0.0
                    }
                },
                "PER": {
                    "partial": {
                        "correct": 1,
                        "incorrect": 0,
                        "partial": 0,
                        "missed": 0,
                        "spurious": 1,
                        "possible": 1,
                        "actual": 2,
                        "TP": 1,
                        "FP": 1,
                        "FN": 0,
                        "P_micro": 0.5,
                        "R_micro": 1.0,
                        "F1_micro": 0.6666666666666666,
                        "P_macro_doc": 0.5,
                        "R_macro_doc": 1.0,
                        "F1_macro_doc": 0.6666666666666666,
                        "P_macro_doc_std": 0.0,
                        "R_macro_doc_std": 0.0,
                        "F1_macro_doc_std": 0.0
                    },
                    "strict": {
                        "correct": 0,
                        "incorrect": 1,
                        "partial": 0,
                        "missed": 0,
                        "spurious": 1,
                        "possible": 1,
                        "actual": 2,
                        "TP": 0,
                        "FP": 2,
                        "FN": 1,
                        "P_micro": 0.0,
                        "R_micro": 0.0,
                        "F1_micro": 0,
                        "P_macro_doc": 0.0,
                        "R_macro_doc": 0.0,
                        "F1_macro_doc": 0.0,
                        "P_macro_doc_std": 0.0,
                        "R_macro_doc_std": 0.0,
                        "F1_macro_doc_std": 0.0
                    },
                    "ent_type": {
                        "correct": 0,
                        "incorrect": 1,
                        "partial": 0,
                        "missed": 0,
                        "spurious": 1,
                        "possible": 1,
                        "actual": 2,
                        "TP": 0,
                        "FP": 2,
                        "FN": 1,
                        "P_micro": 0.0,
                        "R_micro": 0.0,
                        "F1_micro": 0,
                        "P_macro_doc": 0.0,
                        "R_macro_doc": 0.0,
                        "F1_macro_doc": 0.0,
                        "P_macro_doc_std": 0.0,
                        "R_macro_doc_std": 0.0,
                        "F1_macro_doc_std": 0.0
                    },
                    "exact": {
                        "correct": 1,
                        "incorrect": 0,
                        "partial": 0,
                        "missed": 0,
                        "spurious": 1,
                        "possible": 1,
                        "actual": 2,
                        "TP": 1,
                        "FP": 1,
                        "FN": 0,
                        "P_micro": 0.5,
                        "R_micro": 1.0,
                        "F1_micro": 0.6666666666666666,
                        "P_macro_doc": 0.5,
                        "R_macro_doc": 1.0,
                        "F1_macro_doc": 0.6666666666666666,
                        "P_macro_doc_std": 0.0,
                        "R_macro_doc_std": 0.0,
                        "F1_macro_doc_std": 0.0
                    }
                },
                "ALL": {
                    "partial": {
                        "correct": 2,
                        "incorrect": 0,
                        "partial": 0,
                        "missed": 0,
                        "spurious": 9,
                        "possible": 2,
                        "actual": 11,
                        "TP": 2,
                        "FP": 9,
                        "FN": 0,
                        "P_micro": 0.18181818181818182,
                        "R_micro": 1.0,
                        "F1_micro": 0.3076923076923077,
                        "P_macro_doc": 0.18181818181818182,
                        "R_macro_doc": 1.0,
                        "F1_macro_doc": 0.3076923076923077,
                        "P_macro_doc_std": 0.0,
                        "R_macro_doc_std": 0.0,
                        "F1_macro_doc_std": 0.0,
                        "P_macro": 0.3055555555555556,