{
    "NE-COARSE-LIT": {
        "TIME-ALL": {
            "LED-ALL": {
                "OTH": {
                    "partial": {
                        "correct": 6,
                        "incorrect": 0,
                        "partial": 0,
                        "missed": 1,
                        "spurious": 12,
                        "possible": 7,
                        "actual": 18,
                        "TP": 6,
                        "FP": 12,
                        "FN": 1,
                        "P_micro": 0.3333333333333333,
                        "R_micro": 0.8571428571428571,
                        "F1_micro": 0.48,
                        "P_macro_doc": 0.3333333333333333,
                        "R_macro_doc": 0.8571428571428571,
                        "F1_macro_doc": 0.48,
                        "P_macro_doc_std": 0.0,
                        "R_macro_doc_std": 0.0,
                        "F1_macro_doc_std": 0.0
                    },
                    "strict": {
                        "correct": 6,
                        "incorrect": 0,
                        "partial": 0,
                        "missed": 1,
                        "spurious": 12,
                        "possible": 7,
                        "actual": 18,
                        "TP": 6,
                        "FP": 12,
                        "FN": 1,
                        "P_micro": 0.3333333333333333,
                        "R_micro": 0.8571428571428571,
                        "F1_micro": 0.48,
                        "P_macro_doc": 0.3333333333333333,
                        "R_macro_doc": 0.8571428571428571,
                        "F1_macro_doc": 0.48,
                        "P_macro_doc_std": 0.0,
                        "R_macro_doc_std": 0.0,
                        "F1_macro_doc_std": 0.0
                    },
                    "ent_type": {
                        "correct": 6,
                        "incorrect": 0,
                        "partial": 0,
                        "missed": 1,
                        "spurious": 12,
                        "possible": 7,
                        "actual": 18,
                        "TP": 6,
                        "FP": 12,
                        "FN": 1,
                        "P_micro": 0.3333333333333333,
                        "R_micro": 0.8571428571428571,
                        "F1_micro": 0.48,
                        "P_macro_doc": 0.3333333333333333,
                        "R_macro_doc": 0.8571428571428571,
                        "F1_macro_doc": 0.48,
                        "P_macro_doc_std": 0.0,
                        "R_macro_doc_std": 0.0,
                        "F1_macro_doc_std": 0.0
                    },
                    "exact": {
                        "correct": 6,
                        "incorrect": 0,
                        "partial": 0,
                        "missed": 1,
                        "spurious": 12,
                        "possible": 7,
                        "actual": 18,
                        "TP": 6,
                        "FP": 12,
                        "FN": 1,
                        "P_micro": 0.3333333333333333,
                        "R_micro": 0.8571428571428571,
                        "F1_micro": 0.48,
                        "P_macro_doc": 0.3333333333333333,
                        "R_macro_doc": 0.8571428571428571,
                        "F1_macro_doc": 0.48,
                        "P_macro_doc_std": 0.0,
                        "R_macro_doc_std": 0.0,
                        "F1_macro_doc_std": 0.0
                    }
                },
                "PER": {
                    "partial": {
                        "correct": 7,
                        "incorrect": 0,
                        "partial": 0,
                        "missed": 4,
                        "spurious": 1,
                        "possible": 11,
                        "actual": 8,
                        "TP": 7,
                        "FP": 1,
                        "FN": 4,
                        "P_micro": 0.875,
                        "R_micro": 0.6363636363636364,
                        "F1_micro": 0.7368421052631579,
                        "P_macro_doc": 0.875,
                        "R_macro_doc": 0.6363636363636364,
                        "F1_macro_doc": 0.7368421052631579,
                        "P_macro_doc_std": 0.0,
                        "R_macro_doc_std": 0.0,
                        "F1_macro_doc_std": 0.0
                    },
                    "strict": {
                        "correct": 7,
                        "incorrect": 0,
                        "partial": 0,
                        "missed": 4,
                        "spurious": 1,
                        "possible": 11,
                        "actual": 8,
                        "TP": 7,
                        "FP": 1,
                        "FN": 4,
                        "P_micro": 0.875,
                        "R_micro": 0.6363636363636364,
                        "F1_micro": 0.7368421052631579,
                        "P_macro_doc": 0.875,
                        "R_macro_doc": 0.6363636363636364,
                        "F1_macro_doc": 0.7368421052631579,
                        "P_macro_doc_std": 0.0,
                        "R_macro_doc_std": 0.0,
                        "F1_macro_doc_std": 0.0
                    },
                    "ent_type": {
                        "correct": 7,
                        "incorrect": 0,
                        "partial": 0,
                        "missed": 4,
                        "spurious": 1,
                        "possible": 11,
                        "actual": 8,
                        "TP": 7,
                        "FP": 1,
                        "FN": 4,
                        "P_micro": 0.875,
                        "R_micro": 0.6363636363636364,
                        "F1_micro": 0.7368421052631579,
                        "P_macro_doc": 0.875,
                        "R_macro_doc": 0.6363636363636364,
                        "F1_macro_doc": 0.7368421052631579,
                        "P_macro_doc_std": 0.0,
                        "R_macro_doc_std": 0.0,
                        "F1_macro_doc_std": 0.0
                    },
                    "exact": {
                        "correct": 7,
                        "incorrect": 0,
                        "partial": 0,
                        "missed": 4,
                        "spurious": 1,
                        "possible": 11,
                        "actual": 8,
                        "TP": 7,
                        "FP": 1,
                        "FN": 4,
                        "P_micro": 0.875,
                        "R_micro": 0.6363636363636364,
                        "F1_micro": 0.7368421052631579,
                        "P_macro_doc": 0.875,
                        "R_macro_doc": 0.6363636363636364,
                        "F1_macro_doc": 0.7368421052631579,
                        "P_macro_doc_std": 0.0,
                        "R_macro_doc_std": 0.0,
                        "F1_macro_doc_std": 0.0
                    }
                },
                "ALL": {
                    "partial": {
                        "correct": 13,
                        "incorrect": 0,
                        "partial": 0,
                        "missed": 5,
                        "spurious": 13,
                        "possible": 18,
                        "actual": 26,
                        "TP": 13,
                        "FP": 13,
                        "FN": 5,
                        "P_micro": 0.5,
                        "R_micro": 0.7222222222222222,
                        "F1_micro": 0.5909090909090908,
                        "P_macro_doc": 0.5,
                        "R_macro_doc": 0.7222222222222222,
                        "F1_macro_doc": 0.5909090909090908,