{
    "NE-COARSE-LIT": {
        "TIME-ALL": {
            "LED-ALL": {
                "OTH": {
                    "partial": {
                        "correct": 3,
                        "incorrect": 0,
                        "partial": 0,
                        "missed": 2,
                        "spurious": 19,
                        "possible": 5,
                        "actual": 22,
                        "TP": 3,
                        "FP": 19,
                        "FN": 2,
                        "P_micro": 0.13636363636363635,
                        "R_micro": 0.6,
                        "F1_micro": 0.22222222222222218,
                        "P_macro_doc": 0.13636363636363635,
                        "R_macro_doc": 0.6,
                        "F1_macro_doc": 0.22222222222222218,
                        "P_macro_doc_std": 0.0,
                        "R_macro_doc_std": 0.0,
                        "F1_macro_doc_std": 0.0
                    },
                    "strict": {
                        "correct": 3,
                        "incorrect": 0,
                        "partial": 0,
                        "missed": 2,
                        "spurious": 19,
                        "possible": 5,
                        "actual": 22,
                        "TP": 3,
                        "FP": 19,
                        "FN": 2,
                        "P_micro": 0.13636363636363635,
                        "R_micro": 0.6,
                        "F1_micro": 0.22222222222222218,
                        "P_macro_doc": 0.13636363636363635,
                        "R_macro_doc": 0.6,
                        "F1_macro_doc": 0.22222222222222218,
                        "P_macro_doc_std": 0.0,
                        "R_macro_doc_std": 0.0,
                        "F1_macro_doc_std": 0.0
                    },
                    "ent_type": {
                        "correct": 3,
                        "incorrect": 0,
                        "partial": 0,
                        "missed": 2,
                        "spurious": 19,
                        "possible": 5,
                        "actual": 22,
                        "TP": 3,
                        "FP": 19,
                        "FN": 2,
                        "P_micro": 0.13636363636363635,
                        "R_micro": 0.6,
                        "F1_micro": 0.22222222222222218,
                        "P_macro_doc": 0.13636363636363635,
                        "R_macro_doc": 0.6,
                        "F1_macro_doc": 0.22222222222222218,
                        "P_macro_doc_std": 0.0,
                        "R_macro_doc_std": 0.0,
                        "F1_macro_doc_std": 0.0
                    },
                    "exact": {
                        "correct": 3,
                        "incorrect": 0,
                        "partial": 0,
                        "missed": 2,
                        "spurious": 19,
                        "possible": 5,
                        "actual": 22,
                        "TP": 3,
                        "FP": 19,
                        "FN": 2,
                        "P_micro": 0.13636363636363635,
                        "R_micro": 0.6,
                        "F1_micro": 0.22222222222222218,
                        "P_macro_doc": 0.13636363636363635,
                        "R_macro_doc": 0.6,
                        "F1_macro_doc": 0.22222222222222218,
                        "P_macro_doc_std": 0.0,
                        "R_macro_doc_std": 0.0,
                        "F1_macro_doc_std": 0.0
                    }
                },
                "PER": {
                    "partial": {
                        "correct": 4,
                        "incorrect": 0,
                        "partial": 0,
                        "missed": 1,
                        "spurious": 0,
                        "possible": 5,
                        "actual": 4,
                        "TP": 4,
                        "FP": 0,
                        "FN": 1,
                        "P_micro": 1.0,
                        "R_micro": 0.8,
                        "F1_micro": 0.888888888888889,
                        "P_macro_doc": 1.0,
                        "R_macro_doc": 0.8,
                        "F1_macro_doc": 0.888888888888889,
                        "P_macro_doc_std": 0.0,
                        "R_macro_doc_std": 0.0,
                        "F1_macro_doc_std": 0.0
                    },
                    "strict": {
                        "correct": 4,
                        "incorrect": 0,
                        "partial": 0,
                        "missed": 1,
                        "spurious": 0,
                        "possible": 5,
                        "actual": 4,
                        "TP": 4,
                        "FP": 0,
                        "FN": 1,
                        "P_micro": 1.0,
                        "R_micro": 0.8,
                        "F1_micro": 0.888888888888889,
                        "P_macro_doc": 1.0,
                        "R_macro_doc": 0.8,
                        "F1_macro_doc": 0.888888888888889,
                        "P_macro_doc_std": 0.0,
                        "R_macro_doc_std": 0.0,
                        "F1_macro_doc_std": 0.0
                    },
                    "ent_type": {
                        "correct": 4,
                        "incorrect": 0,
                        "partial": 0,
                        "missed": 1,
                        "spurious": 0,
                        "possible": 5,
                        "actual": 4,
                        "TP": 4,
                        "FP": 0,
                        "FN": 1,
                        "P_micro": 1.0,
                        "R_micro": 0.8,
                        "F1_micro": 0.888888888888889,
                        "P_macro_doc": 1.0,
                        "R_macro_doc": 0.8,
                        "F1_macro_doc": 0.888888888888889,
                        "P_macro_doc_std": 0.0,
                        "R_macro_doc_std": 0.0,
                        "F1_macro_doc_std": 0.0
                    },
                    "exact": {
                        "correct": 4,
                        "incorrect": 0,
                        "partial": 0,
                        "missed": 1,
                        "spurious": 0,
                        "possible": 5,
                        "actual": 4,
                        "TP": 4,
                        "FP": 0,
                        "FN": 1,
                        "P_micro": 1.0,
                        "R_micro": 0.8,
                        "F1_micro": 0.888888888888889,
                        "P_macro_doc": 1.0,
                        "R_macro_doc": 0.8,
                        "F1_macro_doc": 0.888888888888889,
                        "P_macro_doc_std": 0.0,
                        "R_macro_doc_std": 0.0,
                        "F1_macro_doc_std": 0.0
                    }
                },
                "LOC": {
                    "partial": {
                        "correct": 0,
                        "incorrect": 0,
                        "partial": 0,
                        "missed": 1,
                        "spurious": 0,
                        "possible": 1,
                        "actual": 0,
                        "TP": 0,
                        "FP": 0,
                        "FN": 1,
                        "P_micro": 0,
                        "R_micro": 0.0,
                        "F1_micro": 0,
                        "P_macro_doc": null,
                        "R_macro_doc": 0.0,
                        "F1_macro_doc": null,
                        "P_macro_doc_std": null,
                        "R_macro_doc_std": 0.0,
                        "F1_macro_doc_std": null
                    },