{
    "NE-COARSE-LIT": {
        "TIME-ALL": {
            "LED-ALL": {
                "OTH": {
                    "partial": {
                        "correct": 5,
                        "incorrect": 0,
                        "partial": 0,
                        "missed": 1,
                        "spurious": 30,
                        "possible": 6,
                        "actual": 35,
                        "TP": 5,
                        "FP": 30,
                        "FN": 1,
                        "P_micro": 0.14285714285714285,
                        "R_micro": 0.8333333333333334,
                        "F1_micro": 0.2439024390243902,
                        "P_macro_doc": 0.14285714285714285,
                        "R_macro_doc": 0.8333333333333334,
                        "F1_macro_doc": 0.2439024390243902,
                        "P_macro_doc_std": 0.0,
                        "R_macro_doc_std": 0.0,
                        "F1_macro_doc_std": 0.0
                    },
                    "strict": {
                        "correct": 5,
                        "incorrect": 0,
                        "partial": 0,
                        "missed": 1,
                        "spurious": 30,
                        "possible": 6,
                        "actual": 35,
                        "TP": 5,
                        "FP": 30,
                        "FN": 1,
                        "P_micro": 0.14285714285714285,
                        "R_micro": 0.8333333333333334,
                        "F1_micro": 0.2439024390243902,
                        "P_macro_doc": 0.14285714285714285,
                        "R_macro_doc": 0.8333333333333334,
                        "F1_macro_doc": 0.2439024390243902,
                        "P_macro_doc_std": 0.0,
                        "R_macro_doc_std": 0.0,
                        "F1_macro_doc_std": 0.0
                    },
                    "ent_type": {
                        "correct": 5,
                        "incorrect": 0,
                        "partial": 0,
                        "missed": 1,
                        "spurious": 30,
                        "possible": 6,
                        "actual": 35,
                        "TP": 5,
                        "FP": 30,
                        "FN": 1,
                        "P_micro": 0.14285714285714285,
                        "R_micro": 0.8333333333333334,
                        "F1_micro": 0.2439024390243902,
                        "P_macro_doc": 0.14285714285714285,
                        "R_macro_doc": 0.8333333333333334,
                        "F1_macro_doc": 0.2439024390243902,
                        "P_macro_doc_std": 0.0,
                        "R_macro_doc_std": 0.0,
                        "F1_macro_doc_std": 0.0
                    },
                    "exact": {
                        "correct": 5,
                        "incorrect": 0,
                        "partial": 0,
                        "missed": 1,
                        "spurious": 30,
                        "possible": 6,
                        "actual": 35,
                        "TP": 5,
                        "FP": 30,
                        "FN": 1,
                        "P_micro": 0.14285714285714285,
                        "R_micro": 0.8333333333333334,
                        "F1_micro": 0.2439024390243902,
                        "P_macro_doc": 0.14285714285714285,
                        "R_macro_doc": 0.8333333333333334,
                        "F1_macro_doc": 0.2439024390243902,
                        "P_macro_doc_std": 0.0,
                        "R_macro_doc_std": 0.0,
                        "F1_macro_doc_std": 0.0
                    }
                },
                "PER": {
                    "partial": {
                        "correct": 5,
                        "incorrect": 0,
                        "partial": 0,
                        "missed": 8,
                        "spurious": 0,
                        "possible": 13,
                        "actual": 5,
                        "TP": 5,
                        "FP": 0,
                        "FN": 8,
                        "P_micro": 1.0,
                        "R_micro": 0.38461538461538464,
                        "F1_micro": 0.5555555555555556,
                        "P_macro_doc": 1.0,
                        "R_macro_doc": 0.38461538461538464,
                        "F1_macro_doc": 0.5555555555555556,
                        "P_macro_doc_std": 0.0,
                        "R_macro_doc_std": 0.0,
                        "F1_macro_doc_std": 0.0
                    },
                    "strict": {
                        "correct": 2,
                        "incorrect": 3,
                        "partial": 0,
                        "missed": 8,
                        "spurious": 0,
                        "possible": 13,
                        "actual": 5,
                        "TP": 2,
                        "FP": 3,
                        "FN": 11,
                        "P_micro": 0.4,
                        "R_micro": 0.15384615384615385,
                        "F1_micro": 0.2222222222222222,
                        "P_macro_doc": 0.4,
                        "R_macro_doc": 0.15384615384615385,
                        "F1_macro_doc": 0.2222222222222222,
                        "P_macro_doc_std": 0.0,
                        "R_macro_doc_std": 0.0,
                        "F1_macro_doc_std": 0.0
                    },
                    "ent_type": {
                        "correct": 2,
                        "incorrect": 3,
                        "partial": 0,
                        "missed": 8,
                        "spurious": 0,
                        "possible": 13,
                        "actual": 5,
                        "TP": 2,
                        "FP": 3,
                        "FN": 11,
                        "P_micro": 0.4,
                        "R_micro": 0.15384615384615385,
                        "F1_micro": 0.2222222222222222,
                        "P_macro_doc": 0.4,
                        "R_macro_doc": 0.15384615384615385,
                        "F1_macro_doc": 0.2222222222222222,
                        "P_macro_doc_std": 0.0,
                        "R_macro_doc_std": 0.0,
                        "F1_macro_doc_std": 0.0
                    },
                    "exact": {
                        "correct": 5,
                        "incorrect": 0,
                        "partial": 0,
                        "missed": 8,
                        "spurious": 0,
                        "possible": 13,
                        "actual": 5,
                        "TP": 5,
                        "FP": 0,
                        "FN": 8,
                        "P_micro": 1.0,
                        "R_micro": 0.38461538461538464,
                        "F1_micro": 0.5555555555555556,
                        "P_macro_doc": 1.0,
                        "R_macro_doc": 0.38461538461538464,
                        "F1_macro_doc": 0.5555555555555556,
                        "P_macro_doc_std": 0.0,
                        "R_macro_doc_std": 0.0,
                        "F1_macro_doc_std": 0.0
                    }
                },
                "LOC": {
                    "partial": {
                        "correct": 7,
                        "incorrect": 0,
                        "partial": 0,
                        "missed": 0,
                        "spurious": 0,
                        "possible": 7,
                        "actual": 7,
                        "TP": 7,
                        "FP": 0,
                        "FN": 0,
                        "P_micro": 1.0,
                        "R_micro": 1.0,
                        "F1_micro": 1.0,
                        "P_macro_doc": 1.0,
                        "R_macro_doc": 1.0,