{
    "NE-COARSE-LIT": {
        "TIME-ALL": {
            "LED-ALL": {
                "OTH": {
                    "partial": {
                        "correct": 6,
                        "incorrect": 0,
                        "partial": 0,
                        "missed": 0,
                        "spurious": 23,
                        "possible": 6,
                        "actual": 29,
                        "TP": 6,
                        "FP": 23,
                        "FN": 0,
                        "P_micro": 0.20689655172413793,
                        "R_micro": 1.0,
                        "F1_micro": 0.34285714285714286,
                        "P_macro_doc": 0.20689655172413793,
                        "R_macro_doc": 1.0,
                        "F1_macro_doc": 0.34285714285714286,
                        "P_macro_doc_std": 0.0,
                        "R_macro_doc_std": 0.0,
                        "F1_macro_doc_std": 0.0
                    },
                    "strict": {
                        "correct": 6,
                        "incorrect": 0,
                        "partial": 0,
                        "missed": 0,
                        "spurious": 23,
                        "possible": 6,
                        "actual": 29,
                        "TP": 6,
                        "FP": 23,
                        "FN": 0,
                        "P_micro": 0.20689655172413793,
                        "R_micro": 1.0,
                        "F1_micro": 0.34285714285714286,
                        "P_macro_doc": 0.20689655172413793,
                        "R_macro_doc": 1.0,
                        "F1_macro_doc": 0.34285714285714286,
                        "P_macro_doc_std": 0.0,
                        "R_macro_doc_std": 0.0,
                        "F1_macro_doc_std": 0.0
                    },
                    "ent_type": {
                        "correct": 6,
                        "incorrect": 0,
                        "partial": 0,
                        "missed": 0,
                        "spurious": 23,
                        "possible": 6,
                        "actual": 29,
                        "TP": 6,
                        "FP": 23,
                        "FN": 0,
                        "P_micro": 0.20689655172413793,
                        "R_micro": 1.0,
                        "F1_micro": 0.34285714285714286,
                        "P_macro_doc": 0.20689655172413793,
                        "R_macro_doc": 1.0,
                        "F1_macro_doc": 0.34285714285714286,
                        "P_macro_doc_std": 0.0,
                        "R_macro_doc_std": 0.0,
                        "F1_macro_doc_std": 0.0
                    },
                    "exact": {
                        "correct": 6,
                        "incorrect": 0,
                        "partial": 0,
                        "missed": 0,
                        "spurious": 23,
                        "possible": 6,
                        "actual": 29,
                        "TP": 6,
                        "FP": 23,
                        "FN": 0,
                        "P_micro": 0.20689655172413793,
                        "R_micro": 1.0,
                        "F1_micro": 0.34285714285714286,
                        "P_macro_doc": 0.20689655172413793,
                        "R_macro_doc": 1.0,
                        "F1_macro_doc": 0.34285714285714286,
                        "P_macro_doc_std": 0.0,
                        "R_macro_doc_std": 0.0,
                        "F1_macro_doc_std": 0.0
                    }
                },
                "LOC": {
                    "partial": {
                        "correct": 1,
                        "incorrect": 0,
                        "partial": 0,
                        "missed": 0,
                        "spurious": 0,
                        "possible": 1,
                        "actual": 1,
                        "TP": 1,
                        "FP": 0,
                        "FN": 0,
                        "P_micro": 1.0,
                        "R_micro": 1.0,
                        "F1_micro": 1.0,
                        "P_macro_doc": 1.0,
                        "R_macro_doc": 1.0,
                        "F1_macro_doc": 1.0,
                        "P_macro_doc_std": 0.0,
                        "R_macro_doc_std": 0.0,
                        "F1_macro_doc_std": 0.0
                    },
                    "strict": {
                        "correct": 1,
                        "incorrect": 0,
                        "partial": 0,
                        "missed": 0,
                        "spurious": 0,
                        "possible": 1,
                        "actual": 1,
                        "TP": 1,
                        "FP": 0,
                        "FN": 0,
                        "P_micro": 1.0,
                        "R_micro": 1.0,
                        "F1_micro": 1.0,
                        "P_macro_doc": 1.0,
                        "R_macro_doc": 1.0,
                        "F1_macro_doc": 1.0,
                        "P_macro_doc_std": 0.0,
                        "R_macro_doc_std": 0.0,
                        "F1_macro_doc_std": 0.0
                    },
                    "ent_type": {
                        "correct": 1,
                        "incorrect": 0,
                        "partial": 0,
                        "missed": 0,
                        "spurious": 0,
                        "possible": 1,
                        "actual": 1,
                        "TP": 1,
                        "FP": 0,
                        "FN": 0,
                        "P_micro": 1.0,
                        "R_micro": 1.0,
                        "F1_micro": 1.0,
                        "P_macro_doc": 1.0,
                        "R_macro_doc": 1.0,
                        "F1_macro_doc": 1.0,
                        "P_macro_doc_std": 0.0,
                        "R_macro_doc_std": 0.0,
                        "F1_macro_doc_std": 0.0
                    },
                    "exact": {
                        "correct": 1,
                        "incorrect": 0,
                        "partial": 0,
                        "missed": 0,
                        "spurious": 0,
                        "possible": 1,
                        "actual": 1,
                        "TP": 1,
                        "FP": 0,
                        "FN": 0,
                        "P_micro": 1.0,
                        "R_micro": 1.0,
                        "F1_micro": 1.0,
                        "P_macro_doc": 1.0,
                        "R_macro_doc": 1.0,
                        "F1_macro_doc": 1.0,
                        "P_macro_doc_std": 0.0,
                        "R_macro_doc_std": 0.0,
                        "F1_macro_doc_std": 0.0
                    }
                },
                "PER": {
                    "partial": {
                        "correct": 0,
                        "incorrect": 0,
                        "partial": 0,
                        "missed": 5,
                        "spurious": 0,
                        "possible": 5,
                        "actual": 0,
                        "TP": 0,
                        "FP": 0,
                        "FN": 5,
                        "P_micro": 0,
                        "R_micro": 0.0,
                        "F1_micro": 0,
                        "P_macro_doc": null,
                        "R_macro_doc": 0.0,
                        "F1_macro_doc": null,
                        "P_macro_doc_std": null,
                        "R_macro_doc_std": 0.0,
                        "F1_macro_doc_std": null
                    },
                    "strict": {
                        "correct": 0,
                        "incorrect": 0,
                        "partial": 0,