{
    "NE-COARSE-LIT": {
        "TIME-ALL": {
            "LED-ALL": {
                "PER": {
                    "partial": {
                        "correct": 8,
                        "incorrect": 0,
                        "partial": 2,
                        "missed": 7,
                        "spurious": 2,
                        "possible": 17,
                        "actual": 12,
                        "TP": 8,
                        "FP": 4,
                        "FN": 9,
                        "P_micro": 0.75,
                        "R_micro": 0.5294117647058824,
                        "F1_micro": 0.6206896551724139,
                        "P_macro_doc": 0.75,
                        "R_macro_doc": 0.5294117647058824,
                        "F1_macro_doc": 0.6206896551724139,
                        "P_macro_doc_std": 0.0,
                        "R_macro_doc_std": 0.0,
                        "F1_macro_doc_std": 0.0
                    },
                    "strict": {
                        "correct": 7,
                        "incorrect": 3,
                        "partial": 0,
                        "missed": 7,
                        "spurious": 2,
                        "possible": 17,
                        "actual": 12,
                        "TP": 7,
                        "FP": 5,
                        "FN": 10,
                        "P_micro": 0.5833333333333334,
                        "R_micro": 0.4117647058823529,
                        "F1_micro": 0.4827586206896552,
                        "P_macro_doc": 0.5833333333333334,
                        "R_macro_doc": 0.4117647058823529,
                        "F1_macro_doc": 0.4827586206896552,
                        "P_macro_doc_std": 0.0,
                        "R_macro_doc_std": 0.0,
                        "F1_macro_doc_std": 0.0
                    },
                    "ent_type": {
                        "correct": 8,
                        "incorrect": 2,
                        "partial": 0,
                        "missed": 7,
                        "spurious": 2,
                        "possible": 17,
                        "actual": 12,
                        "TP": 8,
                        "FP": 4,
                        "FN": 9,
                        "P_micro": 0.6666666666666666,
                        "R_micro": 0.47058823529411764,
                        "F1_micro": 0.5517241379310345,
                        "P_macro_doc": 0.6666666666666666,
                        "R_macro_doc": 0.47058823529411764,
                        "F1_macro_doc": 0.5517241379310345,
                        "P_macro_doc_std": 0.0,
                        "R_macro_doc_std": 0.0,
                        "F1_macro_doc_std": 0.0
                    },
                    "exact": {
                        "correct": 8,
                        "incorrect": 2,
                        "partial": 0,
                        "missed": 7,
                        "spurious": 2,
                        "possible": 17,
                        "actual": 12,
                        "TP": 8,
                        "FP": 4,
                        "FN": 9,
                        "P_micro": 0.6666666666666666,
                        "R_micro": 0.47058823529411764,
                        "F1_micro": 0.5517241379310345,
                        "P_macro_doc": 0.6666666666666666,
                        "R_macro_doc": 0.47058823529411764,
                        "F1_macro_doc": 0.5517241379310345,
                        "P_macro_doc_std": 0.0,
                        "R_macro_doc_std": 0.0,
                        "F1_macro_doc_std": 0.0
                    }
                },
                "LOC": {
                    "partial": {
                        "correct": 1,
                        "incorrect": 0,
                        "partial": 0,
                        "missed": 1,
                        "spurious": 0,
                        "possible": 2,
                        "actual": 1,
                        "TP": 1,
                        "FP": 0,
                        "FN": 1,
                        "P_micro": 1.0,
                        "R_micro": 0.5,
                        "F1_micro": 0.6666666666666666,
                        "P_macro_doc": 1.0,
                        "R_macro_doc": 0.5,
                        "F1_macro_doc": 0.6666666666666666,
                        "P_macro_doc_std": 0.0,
                        "R_macro_doc_std": 0.0,
                        "F1_macro_doc_std": 0.0
                    },
                    "strict": {
                        "correct": 1,
                        "incorrect": 0,
                        "partial": 0,
                        "missed": 1,
                        "spurious": 0,
                        "possible": 2,
                        "actual": 1,
                        "TP": 1,
                        "FP": 0,
                        "FN": 1,
                        "P_micro": 1.0,
                        "R_micro": 0.5,
                        "F1_micro": 0.6666666666666666,
                        "P_macro_doc": 1.0,
                        "R_macro_doc": 0.5,
                        "F1_macro_doc": 0.6666666666666666,
                        "P_macro_doc_std": 0.0,
                        "R_macro_doc_std": 0.0,
                        "F1_macro_doc_std": 0.0
                    },
                    "ent_type": {
                        "correct": 1,
                        "incorrect": 0,
                        "partial": 0,
                        "missed": 1,
                        "spurious": 0,
                        "possible": 2,
                        "actual": 1,
                        "TP": 1,
                        "FP": 0,
                        "FN": 1,
                        "P_micro": 1.0,
                        "R_micro": 0.5,
                        "F1_micro": 0.6666666666666666,
                        "P_macro_doc": 1.0,
                        "R_macro_doc": 0.5,
                        "F1_macro_doc": 0.6666666666666666,
                        "P_macro_doc_std": 0.0,
                        "R_macro_doc_std": 0.0,
                        "F1_macro_doc_std": 0.0
                    },
                    "exact": {
                        "correct": 1,
                        "incorrect": 0,
                        "partial": 0,
                        "missed": 1,
                        "spurious": 0,
                        "possible": 2,
                        "actual": 1,
                        "TP": 1,
                        "FP": 0,
                        "FN": 1,
                        "P_micro": 1.0,
                        "R_micro": 0.5,
                        "F1_micro": 0.6666666666666666,
                        "P_macro_doc": 1.0,
                        "R_macro_doc": 0.5,
                        "F1_macro_doc": 0.6666666666666666,
                        "P_macro_doc_std": 0.0,
                        "R_macro_doc_std": 0.0,
                        "F1_macro_doc_std": 0.0
                    }
                },
                "OTH": {
                    "partial": {
                        "correct": 0,
                        "incorrect": 0,
                        "partial": 0,
                        "missed": 5,
                        "spurious": 0,
                        "possible": 5,
                        "actual": 0,
                        "TP": 0,
                        "FP": 0,
                        "FN": 5,
                        "P_micro": 0,
                        "R_micro": 0.0,
                        "F1_micro": 0,
                        "P_macro_doc": null,
                        "R_macro_doc": 0.0,
                        "F1_macro_doc": null,
                        "P_macro_doc_std": null,
                        "R_macro_doc_std": 0.0,