{
    "NE-COARSE-LIT": {
        "TIME-ALL": {
            "LED-ALL": {
                "PER": {
                    "partial": {
                        "correct": 5,
                        "incorrect": 0,
                        "partial": 0,
                        "missed": 0,
                        "spurious": 1,
                        "possible": 5,
                        "actual": 6,
                        "TP": 5,
                        "FP": 1,
                        "FN": 0,
                        "P_micro": 0.8333333333333334,
                        "R_micro": 1.0,
                        "F1_micro": 0.9090909090909091,
                        "P_macro_doc": 0.8333333333333334,
                        "R_macro_doc": 1.0,
                        "F1_macro_doc": 0.9090909090909091,
                        "P_macro_doc_std": 0.0,
                        "R_macro_doc_std": 0.0,
                        "F1_macro_doc_std": 0.0
                    },
                    "strict": {
                        "correct": 5,
                        "incorrect": 0,
                        "partial": 0,
                        "missed": 0,
                        "spurious": 1,
                        "possible": 5,
                        "actual": 6,
                        "TP": 5,
                        "FP": 1,
                        "FN": 0,
                        "P_micro": 0.8333333333333334,
                        "R_micro": 1.0,
                        "F1_micro": 0.9090909090909091,
                        "P_macro_doc": 0.8333333333333334,
                        "R_macro_doc": 1.0,
                        "F1_macro_doc": 0.9090909090909091,
                        "P_macro_doc_std": 0.0,
                        "R_macro_doc_std": 0.0,
                        "F1_macro_doc_std": 0.0
                    },
                    "ent_type": {
                        "correct": 5,
                        "incorrect": 0,
                        "partial": 0,
                        "missed": 0,
                        "spurious": 1,
                        "possible": 5,
                        "actual": 6,
                        "TP": 5,
                        "FP": 1,
                        "FN": 0,
                        "P_micro": 0.8333333333333334,
                        "R_micro": 1.0,
                        "F1_micro": 0.9090909090909091,
                        "P_macro_doc": 0.8333333333333334,
                        "R_macro_doc": 1.0,
                        "F1_macro_doc": 0.9090909090909091,
                        "P_macro_doc_std": 0.0,
                        "R_macro_doc_std": 0.0,
                        "F1_macro_doc_std": 0.0
                    },
                    "exact": {
                        "correct": 5,
                        "incorrect": 0,
                        "partial": 0,
                        "missed": 0,
                        "spurious": 1,
                        "possible": 5,
                        "actual": 6,
                        "TP": 5,
                        "FP": 1,
                        "FN": 0,
                        "P_micro": 0.8333333333333334,
                        "R_micro": 1.0,
                        "F1_micro": 0.9090909090909091,
                        "P_macro_doc": 0.8333333333333334,
                        "R_macro_doc": 1.0,
                        "F1_macro_doc": 0.9090909090909091,
                        "P_macro_doc_std": 0.0,
                        "R_macro_doc_std": 0.0,
                        "F1_macro_doc_std": 0.0
                    }
                },
                "OTH": {
                    "partial": {
                        "correct": 0,
                        "incorrect": 0,
                        "partial": 1,
                        "missed": 4,
                        "spurious": 1,
                        "possible": 5,
                        "actual": 2,
                        "TP": 0,
                        "FP": 2,
                        "FN": 5,
                        "P_micro": 0.25,
                        "R_micro": 0.1,
                        "F1_micro": 0.14285714285714288,
                        "P_macro_doc": 0.25,
                        "R_macro_doc": 0.1,
                        "F1_macro_doc": 0.14285714285714288,
                        "P_macro_doc_std": 0.0,
                        "R_macro_doc_std": 0.0,
                        "F1_macro_doc_std": 0.0
                    },
                    "strict": {
                        "correct": 0,
                        "incorrect": 1,
                        "partial": 0,
                        "missed": 4,
                        "spurious": 1,
                        "possible": 5,
                        "actual": 2,
                        "TP": 0,
                        "FP": 2,
                        "FN": 5,
                        "P_micro": 0.0,
                        "R_micro": 0.0,
                        "F1_micro": 0,
                        "P_macro_doc": 0.0,
                        "R_macro_doc": 0.0,
                        "F1_macro_doc": 0.0,
                        "P_macro_doc_std": 0.0,
                        "R_macro_doc_std": 0.0,
                        "F1_macro_doc_std": 0.0
                    },
                    "ent_type": {
                        "correct": 0,
                        "incorrect": 1,
                        "partial": 0,
                        "missed": 4,
                        "spurious": 1,
                        "possible": 5,
                        "actual": 2,
                        "TP": 0,
                        "FP": 2,
                        "FN": 5,
                        "P_micro": 0.0,
                        "R_micro": 0.0,
                        "F1_micro": 0,
                        "P_macro_doc": 0.0,
                        "R_macro_doc": 0.0,
                        "F1_macro_doc": 0.0,
                        "P_macro_doc_std": 0.0,
                        "R_macro_doc_std": 0.0,
                        "F1_macro_doc_std": 0.0
                    },
                    "exact": {
                        "correct": 0,
                        "incorrect": 1,
                        "partial": 0,
                        "missed": 4,
                        "spurious": 1,
                        "possible": 5,
                        "actual": 2,
                        "TP": 0,
                        "FP": 2,
                        "FN": 5,
                        "P_micro": 0.0,
                        "R_micro": 0.0,
                        "F1_micro": 0,
                        "P_macro_doc": 0.0,
                        "R_macro_doc": 0.0,
                        "F1_macro_doc": 0.0,
                        "P_macro_doc_std": 0.0,
                        "R_macro_doc_std": 0.0,
                        "F1_macro_doc_std": 0.0
                    }
                },
                "LOC": {
                    "partial": {
                        "correct": 0,
                        "incorrect": 0,
                        "partial": 0,
                        "missed": 1,
                        "spurious": 1,
                        "possible": 1,
                        "actual": 1,
                        "TP": 0,
                        "FP": 1,
                        "FN": 1,
                        "P_micro": 0.0,
                        "R_micro": 0.0,
                        "F1_micro": 0,
                        "P_macro_doc": 0.0,
                        "R_macro_doc": 0.0,
                        "F1_macro_doc": 0.0,
                        "P_macro_doc_std": 0.0,
                        "R_macro_doc_std": 0.0,
                        "F1_macro_doc_std": 0.0
                    },
                    "strict": {
                        "correct": 0,
                        "incorrect": 0,
                        "partial": 0,