{
    "NE-COARSE-LIT": {
        "TIME-ALL": {
            "LED-ALL": {
                "PER": {
                    "partial": {
                        "correct": 7,
                        "incorrect": 0,
                        "partial": 0,
                        "missed": 4,
                        "spurious": 1,
                        "possible": 11,
                        "actual": 8,
                        "TP": 7,
                        "FP": 1,
                        "FN": 4,
                        "P_micro": 0.875,
                        "R_micro": 0.6363636363636364,
                        "F1_micro": 0.7368421052631579,
                        "P_macro_doc": 0.875,
                        "R_macro_doc": 0.6363636363636364,
                        "F1_macro_doc": 0.7368421052631579,
                        "P_macro_doc_std": 0.0,
                        "R_macro_doc_std": 0.0,
                        "F1_macro_doc_std": 0.0
                    },
                    "strict": {
                        "correct": 7,
                        "incorrect": 0,
                        "partial": 0,
                        "missed": 4,
                        "spurious": 1,
                        "possible": 11,
                        "actual": 8,
                        "TP": 7,
                        "FP": 1,
                        "FN": 4,
                        "P_micro": 0.875,
                        "R_micro": 0.6363636363636364,
                        "F1_micro": 0.7368421052631579,
                        "P_macro_doc": 0.875,
                        "R_macro_doc": 0.6363636363636364,
                        "F1_macro_doc": 0.7368421052631579,
                        "P_macro_doc_std": 0.0,
                        "R_macro_doc_std": 0.0,
                        "F1_macro_doc_std": 0.0
                    },
                    "ent_type": {
                        "correct": 7,
                        "incorrect": 0,
                        "partial": 0,
                        "missed": 4,
                        "spurious": 1,
                        "possible": 11,
                        "actual": 8,
                        "TP": 7,
                        "FP": 1,
                        "FN": 4,
                        "P_micro": 0.875,
                        "R_micro": 0.6363636363636364,
                        "F1_micro": 0.7368421052631579,
                        "P_macro_doc": 0.875,
                        "R_macro_doc": 0.6363636363636364,
                        "F1_macro_doc": 0.7368421052631579,
                        "P_macro_doc_std": 0.0,
                        "R_macro_doc_std": 0.0,
                        "F1_macro_doc_std": 0.0
                    },
                    "exact": {
                        "correct": 7,
                        "incorrect": 0,
                        "partial": 0,
                        "missed": 4,
                        "spurious": 1,
                        "possible": 11,
                        "actual": 8,
                        "TP": 7,
                        "FP": 1,
                        "FN": 4,
                        "P_micro": 0.875,
                        "R_micro": 0.6363636363636364,
                        "F1_micro": 0.7368421052631579,
                        "P_macro_doc": 0.875,
                        "R_macro_doc": 0.6363636363636364,
                        "F1_macro_doc": 0.7368421052631579,
                        "P_macro_doc_std": 0.0,
                        "R_macro_doc_std": 0.0,
                        "F1_macro_doc_std": 0.0
                    }
                },
                "LOC": {
                    "partial": {
                        "correct": 0,
                        "incorrect": 0,
                        "partial": 0,
                        "missed": 1,
                        "spurious": 0,
                        "possible": 1,
                        "actual": 0,
                        "TP": 0,
                        "FP": 0,
                        "FN": 1,
                        "P_micro": 0,
                        "R_micro": 0.0,
                        "F1_micro": 0,
                        "P_macro_doc": null,
                        "R_macro_doc": 0.0,
                        "F1_macro_doc": null,
                        "P_macro_doc_std": null,
                        "R_macro_doc_std": 0.0,
                        "F1_macro_doc_std": null
                    },
                    "strict": {
                        "correct": 0,
                        "incorrect": 0,
                        "partial": 0,
                        "missed": 1,
                        "spurious": 0,
                        "possible": 1,
                        "actual": 0,
                        "TP": 0,
                        "FP": 0,
                        "FN": 1,
                        "P_micro": 0,
                        "R_micro": 0.0,
                        "F1_micro": 0,
                        "P_macro_doc": null,
                        "R_macro_doc": 0.0,
                        "F1_macro_doc": null,
                        "P_macro_doc_std": null,
                        "R_macro_doc_std": 0.0,
                        "F1_macro_doc_std": null
                    },
                    "ent_type": {
                        "correct": 0,
                        "incorrect": 0,
                        "partial": 0,
                        "missed": 1,
                        "spurious": 0,
                        "possible": 1,
                        "actual": 0,
                        "TP": 0,
                        "FP": 0,
                        "FN": 1,
                        "P_micro": 0,
                        "R_micro": 0.0,
                        "F1_micro": 0,
                        "P_macro_doc": null,
                        "R_macro_doc": 0.0,
                        "F1_macro_doc": null,
                        "P_macro_doc_std": null,
                        "R_macro_doc_std": 0.0,
                        "F1_macro_doc_std": null
                    },
                    "exact": {
                        "correct": 0,
                        "incorrect": 0,
                        "partial": 0,
                        "missed": 1,
                        "spurious": 0,
                        "possible": 1,
                        "actual": 0,
                        "TP": 0,
                        "FP": 0,
                        "FN": 1,
                        "P_micro": 0,
                        "R_micro": 0.0,
                        "F1_micro": 0,
                        "P_macro_doc": null,
                        "R_macro_doc": 0.0,
                        "F1_macro_doc": null,
                        "P_macro_doc_std": null,
                        "R_macro_doc_std": 0.0,
                        "F1_macro_doc_std": null
                    }
                },
                "ALL": {
                    "partial": {
                        "correct": 7,
                        "incorrect": 0,
                        "partial": 0,
                        "missed": 5,
                        "spurious": 1,
                        "possible": 12,
                        "actual": 8,
                        "TP": 7,
                        "FP": 1,
                        "FN": 5,
                        "P_micro": 0.875,
                        "R_micro": 0.5833333333333334,
                        "F1_micro": 0.7000000000000001,
                        "P_macro_doc": 0.875,
                        "R_macro_doc": 0.5833333333333334,
                        "F1_macro_doc": 0.7000000000000001,
                        "P_macro_doc_std": 0.0,
                        "R_macro_doc_std": 0.0,
                        "F1_macro_doc_std": 0.0,
                        "P_macro": 0.4375,
                        "R_macro": 0.3181818181818182,