{
    "NE-COARSE-LIT": {
        "TIME-ALL": {
            "LED-ALL": {
                "PER": {
                    "partial": {
                        "correct": 2,
                        "incorrect": 0,
                        "partial": 0,
                        "missed": 1,
                        "spurious": 1,
                        "possible": 3,
                        "actual": 3,
                        "TP": 2,
                        "FP": 1,
                        "FN": 1,
                        "P_micro": 0.6666666666666666,
                        "R_micro": 0.6666666666666666,
                        "F1_micro": 0.6666666666666666,
                        "P_macro_doc": 0.6666666666666666,
                        "R_macro_doc": 0.6666666666666666,
                        "F1_macro_doc": 0.6666666666666666,
                        "P_macro_doc_std": 0.0,
                        "R_macro_doc_std": 0.0,
                        "F1_macro_doc_std": 0.0
                    },
                    "strict": {
                        "correct": 2,
                        "incorrect": 0,
                        "partial": 0,
                        "missed": 1,
                        "spurious": 1,
                        "possible": 3,
                        "actual": 3,
                        "TP": 2,
                        "FP": 1,
                        "FN": 1,
                        "P_micro": 0.6666666666666666,
                        "R_micro": 0.6666666666666666,
                        "F1_micro": 0.6666666666666666,
                        "P_macro_doc": 0.6666666666666666,
                        "R_macro_doc": 0.6666666666666666,
                        "F1_macro_doc": 0.6666666666666666,
                        "P_macro_doc_std": 0.0,
                        "R_macro_doc_std": 0.0,
                        "F1_macro_doc_std": 0.0
                    },
                    "ent_type": {
                        "correct": 2,
                        "incorrect": 0,
                        "partial": 0,
                        "missed": 1,
                        "spurious": 1,
                        "possible": 3,
                        "actual": 3,
                        "TP": 2,
                        "FP": 1,
                        "FN": 1,
                        "P_micro": 0.6666666666666666,
                        "R_micro": 0.6666666666666666,
                        "F1_micro": 0.6666666666666666,
                        "P_macro_doc": 0.6666666666666666,
                        "R_macro_doc": 0.6666666666666666,
                        "F1_macro_doc": 0.6666666666666666,
                        "P_macro_doc_std": 0.0,
                        "R_macro_doc_std": 0.0,
                        "F1_macro_doc_std": 0.0
                    },
                    "exact": {
                        "correct": 2,
                        "incorrect": 0,
                        "partial": 0,
                        "missed": 1,
                        "spurious": 1,
                        "possible": 3,
                        "actual": 3,
                        "TP": 2,
                        "FP": 1,
                        "FN": 1,
                        "P_micro": 0.6666666666666666,
                        "R_micro": 0.6666666666666666,
                        "F1_micro": 0.6666666666666666,
                        "P_macro_doc": 0.6666666666666666,
                        "R_macro_doc": 0.6666666666666666,
                        "F1_macro_doc": 0.6666666666666666,
                        "P_macro_doc_std": 0.0,
                        "R_macro_doc_std": 0.0,
                        "F1_macro_doc_std": 0.0
                    }
                },
                "ALL": {
                    "partial": {
                        "correct": 2,
                        "incorrect": 0,
                        "partial": 0,
                        "missed": 1,
                        "spurious": 1,
                        "possible": 3,
                        "actual": 3,
                        "TP": 2,
                        "FP": 1,
                        "FN": 1,
                        "P_micro": 0.6666666666666666,
                        "R_micro": 0.6666666666666666,
                        "F1_micro": 0.6666666666666666,
                        "P_macro_doc": 0.6666666666666666,
                        "R_macro_doc": 0.6666666666666666,
                        "F1_macro_doc": 0.6666666666666666,
                        "P_macro_doc_std": 0.0,
                        "R_macro_doc_std": 0.0,
                        "F1_macro_doc_std": 0.0,
                        "P_macro": 0.6666666666666666,
                        "R_macro": 0.6666666666666666,
                        "F1_macro": 0.6666666666666666,
                        "F1_macro (recomputed from P & R)": 0.6666666666666666
                    },
                    "strict": {
                        "correct": 2,
                        "incorrect": 0,
                        "partial": 0,
                        "missed": 1,
                        "spurious": 1,
                        "possible": 3,
                        "actual": 3,
                        "TP": 2,
                        "FP": 1,
                        "FN": 1,
                        "P_micro": 0.6666666666666666,
                        "R_micro": 0.6666666666666666,
                        "F1_micro": 0.6666666666666666,
                        "P_macro_doc": 0.6666666666666666,
                        "R_macro_doc": 0.6666666666666666,
                        "F1_macro_doc": 0.6666666666666666,
                        "P_macro_doc_std": 0.0,
                        "R_macro_doc_std": 0.0,
                        "F1_macro_doc_std": 0.0,
                        "P_macro": 0.6666666666666666,
                        "R_macro": 0.6666666666666666,
                        "F1_macro": 0.6666666666666666,
                        "F1_macro (recomputed from P & R)": 0.6666666666666666
                    },
                    "ent_type": {
                        "correct": 2,
                        "incorrect": 0,
                        "partial": 0,
                        "missed": 1,
                        "spurious": 1,
                        "possible": 3,
                        "actual": 3,
                        "TP": 2,
                        "FP": 1,
                        "FN": 1,
                        "P_micro": 0.6666666666666666,
                        "R_micro": 0.6666666666666666,
                        "F1_micro": 0.6666666666666666,
                        "P_macro_doc": 0.6666666666666666,
                        "R_macro_doc": 0.6666666666666666,
                        "F1_macro_doc": 0.6666666666666666,
                        "P_macro_doc_std": 0.0,
                        "R_macro_doc_std": 0.0,
                        "F1_macro_doc_std": 0.0,
                        "P_macro": 0.6666666666666666,
                        "R_macro": 0.6666666666666666,
                        "F1_macro": 0.6666666666666666,
                        "F1_macro (recomputed from P & R)": 0.6666666666666666
                    },
                    "exact": {
                        "correct": 2,
                        "incorrect": 0,
                        "partial": 0,
                        "missed": 1,
                        "spurious": 1,
                        "possible": 3,
                        "actual": 3,
                        "TP": 2,
                        "FP": 1,
                        "FN": 1,
                        "P_micro": 0.6666666666666666,
                        "R_micro": 0.6666666666666666,
                        "F1_micro": 0.6666666666666666,
                        "P_macro_doc": 0.6666666666666666,
                        "R_macro_doc": 0.6666666666666666,
                        "F1_macro_doc": 0.6666666666666666,