{
    "NE-COARSE-LIT": {
        "TIME-ALL": {
            "LED-ALL": {
                "PER": {
                    "partial": {
                        "correct": 11,
                        "incorrect": 0,
                        "partial": 3,
                        "missed": 3,
                        "spurious": 3,
                        "possible": 17,
                        "actual": 17,
                        "TP": 11,
                        "FP": 6,
                        "FN": 6,
                        "P_micro": 0.7352941176470589,
                        "R_micro": 0.7352941176470589,
                        "F1_micro": 0.735294117647059,
                        "P_macro_doc": 0.7352941176470589,
                        "R_macro_doc": 0.7352941176470589,
                        "F1_macro_doc": 0.735294117647059,
                        "P_macro_doc_std": 0.0,
                        "R_macro_doc_std": 0.0,
                        "F1_macro_doc_std": 0.0
                    },
                    "strict": {
                        "correct": 11,
                        "incorrect": 3,
                        "partial": 0,
                        "missed": 3,
                        "spurious": 3,
                        "possible": 17,
                        "actual": 17,
                        "TP": 11,
                        "FP": 6,
                        "FN": 6,
                        "P_micro": 0.6470588235294118,
                        "R_micro": 0.6470588235294118,
                        "F1_micro": 0.6470588235294118,
                        "P_macro_doc": 0.6470588235294118,
                        "R_macro_doc": 0.6470588235294118,
                        "F1_macro_doc": 0.6470588235294118,
                        "P_macro_doc_std": 0.0,
                        "R_macro_doc_std": 0.0,
                        "F1_macro_doc_std": 0.0
                    },
                    "ent_type": {
                        "correct": 14,
                        "incorrect": 0,
                        "partial": 0,
                        "missed": 3,
                        "spurious": 3,
                        "possible": 17,
                        "actual": 17,
                        "TP": 14,
                        "FP": 3,
                        "FN": 3,
                        "P_micro": 0.8235294117647058,
                        "R_micro": 0.8235294117647058,
                        "F1_micro": 0.8235294117647058,
                        "P_macro_doc": 0.8235294117647058,
                        "R_macro_doc": 0.8235294117647058,
                        "F1_macro_doc": 0.8235294117647058,
                        "P_macro_doc_std": 0.0,
                        "R_macro_doc_std": 0.0,
                        "F1_macro_doc_std": 0.0
                    },
                    "exact": {
                        "correct": 11,
                        "incorrect": 3,
                        "partial": 0,
                        "missed": 3,
                        "spurious": 3,
                        "possible": 17,
                        "actual": 17,
                        "TP": 11,
                        "FP": 6,
                        "FN": 6,
                        "P_micro": 0.6470588235294118,
                        "R_micro": 0.6470588235294118,
                        "F1_micro": 0.6470588235294118,
                        "P_macro_doc": 0.6470588235294118,
                        "R_macro_doc": 0.6470588235294118,
                        "F1_macro_doc": 0.6470588235294118,
                        "P_macro_doc_std": 0.0,
                        "R_macro_doc_std": 0.0,
                        "F1_macro_doc_std": 0.0
                    }
                },
                "LOC": {
                    "partial": {
                        "correct": 1,
                        "incorrect": 0,
                        "partial": 0,
                        "missed": 1,
                        "spurious": 0,
                        "possible": 2,
                        "actual": 1,
                        "TP": 1,
                        "FP": 0,
                        "FN": 1,
                        "P_micro": 1.0,
                        "R_micro": 0.5,
                        "F1_micro": 0.6666666666666666,
                        "P_macro_doc": 1.0,
                        "R_macro_doc": 0.5,
                        "F1_macro_doc": 0.6666666666666666,
                        "P_macro_doc_std": 0.0,
                        "R_macro_doc_std": 0.0,
                        "F1_macro_doc_std": 0.0
                    },
                    "strict": {
                        "correct": 1,
                        "incorrect": 0,
                        "partial": 0,
                        "missed": 1,
                        "spurious": 0,
                        "possible": 2,
                        "actual": 1,
                        "TP": 1,
                        "FP": 0,
                        "FN": 1,
                        "P_micro": 1.0,
                        "R_micro": 0.5,
                        "F1_micro": 0.6666666666666666,
                        "P_macro_doc": 1.0,
                        "R_macro_doc": 0.5,
                        "F1_macro_doc": 0.6666666666666666,
                        "P_macro_doc_std": 0.0,
                        "R_macro_doc_std": 0.0,
                        "F1_macro_doc_std": 0.0
                    },
                    "ent_type": {
                        "correct": 1,
                        "incorrect": 0,
                        "partial": 0,
                        "missed": 1,
                        "spurious": 0,
                        "possible": 2,
                        "actual": 1,
                        "TP": 1,
                        "FP": 0,
                        "FN": 1,
                        "P_micro": 1.0,
                        "R_micro": 0.5,
                        "F1_micro": 0.6666666666666666,
                        "P_macro_doc": 1.0,
                        "R_macro_doc": 0.5,
                        "F1_macro_doc": 0.6666666666666666,
                        "P_macro_doc_std": 0.0,
                        "R_macro_doc_std": 0.0,
                        "F1_macro_doc_std": 0.0
                    },
                    "exact": {
                        "correct": 1,
                        "incorrect": 0,
                        "partial": 0,
                        "missed": 1,
                        "spurious": 0,
                        "possible": 2,
                        "actual": 1,
                        "TP": 1,
                        "FP": 0,
                        "FN": 1,
                        "P_micro": 1.0,
                        "R_micro": 0.5,
                        "F1_micro": 0.6666666666666666,
                        "P_macro_doc": 1.0,
                        "R_macro_doc": 0.5,
                        "F1_macro_doc": 0.6666666666666666,
                        "P_macro_doc_std": 0.0,
                        "R_macro_doc_std": 0.0,
                        "F1_macro_doc_std": 0.0
                    }
                },
                "OTH": {
                    "partial": {
                        "correct": 0,
                        "incorrect": 0,
                        "partial": 0,
                        "missed": 5,
                        "spurious": 0,
                        "possible": 5,
                        "actual": 0,
                        "TP": 0,
                        "FP": 0,
                        "FN": 5,
                        "P_micro": 0,
                        "R_micro": 0.0,
                        "F1_micro": 0,
                        "P_macro_doc": null,
                        "R_macro_doc": 0.0,
                        "F1_macro_doc": null,
                        "P_macro_doc_std": null,
                        "R_macro_doc_std": 0.0,