{
    "NE-COARSE-LIT": {
        "TIME-ALL": {
            "LED-ALL": {
                "PER": {
                    "partial": {
                        "correct": 3,
                        "incorrect": 0,
                        "partial": 1,
                        "missed": 9,
                        "spurious": 0,
                        "possible": 13,
                        "actual": 4,
                        "TP": 3,
                        "FP": 1,
                        "FN": 10,
                        "P_micro": 0.875,
                        "R_micro": 0.2692307692307692,
                        "F1_micro": 0.411764705882353,
                        "P_macro_doc": 0.875,
                        "R_macro_doc": 0.2692307692307692,
                        "F1_macro_doc": 0.411764705882353,
                        "P_macro_doc_std": 0.0,
                        "R_macro_doc_std": 0.0,
                        "F1_macro_doc_std": 0.0
                    },
                    "strict": {
                        "correct": 3,
                        "incorrect": 1,
                        "partial": 0,
                        "missed": 9,
                        "spurious": 0,
                        "possible": 13,
                        "actual": 4,
                        "TP": 3,
                        "FP": 1,
                        "FN": 10,
                        "P_micro": 0.75,
                        "R_micro": 0.23076923076923078,
                        "F1_micro": 0.3529411764705882,
                        "P_macro_doc": 0.75,
                        "R_macro_doc": 0.23076923076923078,
                        "F1_macro_doc": 0.3529411764705882,
                        "P_macro_doc_std": 0.0,
                        "R_macro_doc_std": 0.0,
                        "F1_macro_doc_std": 0.0
                    },
                    "ent_type": {
                        "correct": 4,
                        "incorrect": 0,
                        "partial": 0,
                        "missed": 9,
                        "spurious": 0,
                        "possible": 13,
                        "actual": 4,
                        "TP": 4,
                        "FP": 0,
                        "FN": 9,
                        "P_micro": 1.0,
                        "R_micro": 0.3076923076923077,
                        "F1_micro": 0.47058823529411764,
                        "P_macro_doc": 1.0,
                        "R_macro_doc": 0.3076923076923077,
                        "F1_macro_doc": 0.47058823529411764,
                        "P_macro_doc_std": 0.0,
                        "R_macro_doc_std": 0.0,
                        "F1_macro_doc_std": 0.0
                    },
                    "exact": {
                        "correct": 3,
                        "incorrect": 1,
                        "partial": 0,
                        "missed": 9,
                        "spurious": 0,
                        "possible": 13,
                        "actual": 4,
                        "TP": 3,
                        "FP": 1,
                        "FN": 10,
                        "P_micro": 0.75,
                        "R_micro": 0.23076923076923078,
                        "F1_micro": 0.3529411764705882,
                        "P_macro_doc": 0.75,
                        "R_macro_doc": 0.23076923076923078,
                        "F1_macro_doc": 0.3529411764705882,
                        "P_macro_doc_std": 0.0,
                        "R_macro_doc_std": 0.0,
                        "F1_macro_doc_std": 0.0
                    }
                },
                "OTH": {
                    "partial": {
                        "correct": 0,
                        "incorrect": 0,
                        "partial": 0,
                        "missed": 4,
                        "spurious": 1,
                        "possible": 4,
                        "actual": 1,
                        "TP": 0,
                        "FP": 1,
                        "FN": 4,
                        "P_micro": 0.0,
                        "R_micro": 0.0,
                        "F1_micro": 0,
                        "P_macro_doc": 0.0,
                        "R_macro_doc": 0.0,
                        "F1_macro_doc": 0.0,
                        "P_macro_doc_std": 0.0,
                        "R_macro_doc_std": 0.0,
                        "F1_macro_doc_std": 0.0
                    },
                    "strict": {
                        "correct": 0,
                        "incorrect": 0,
                        "partial": 0,
                        "missed": 4,
                        "spurious": 1,
                        "possible": 4,
                        "actual": 1,
                        "TP": 0,
                        "FP": 1,
                        "FN": 4,
                        "P_micro": 0.0,
                        "R_micro": 0.0,
                        "F1_micro": 0,
                        "P_macro_doc": 0.0,
                        "R_macro_doc": 0.0,
                        "F1_macro_doc": 0.0,
                        "P_macro_doc_std": 0.0,
                        "R_macro_doc_std": 0.0,
                        "F1_macro_doc_std": 0.0
                    },
                    "ent_type": {
                        "correct": 0,
                        "incorrect": 0,
                        "partial": 0,
                        "missed": 4,
                        "spurious": 1,
                        "possible": 4,
                        "actual": 1,
                        "TP": 0,
                        "FP": 1,
                        "FN": 4,
                        "P_micro": 0.0,
                        "R_micro": 0.0,
                        "F1_micro": 0,
                        "P_macro_doc": 0.0,
                        "R_macro_doc": 0.0,
                        "F1_macro_doc": 0.0,
                        "P_macro_doc_std": 0.0,
                        "R_macro_doc_std": 0.0,
                        "F1_macro_doc_std": 0.0
                    },
                    "exact": {
                        "correct": 0,
                        "incorrect": 0,
                        "partial": 0,
                        "missed": 4,
                        "spurious": 1,
                        "possible": 4,
                        "actual": 1,
                        "TP": 0,
                        "FP": 1,
                        "FN": 4,
                        "P_micro": 0.0,
                        "R_micro": 0.0,
                        "F1_micro": 0,
                        "P_macro_doc": 0.0,
                        "R_macro_doc": 0.0,
                        "F1_macro_doc": 0.0,
                        "P_macro_doc_std": 0.0,
                        "R_macro_doc_std": 0.0,
                        "F1_macro_doc_std": 0.0
                    }
                },
                "LOC": {
                    "partial": {
                        "correct": 1,
                        "incorrect": 0,
                        "partial": 0,
                        "missed": 0,
                        "spurious": 0,
                        "possible": 1,
                        "actual": 1,
                        "TP": 1,
                        "FP": 0,
                        "FN": 0,
                        "P_micro": 1.0,
                        "R_micro": 1.0,
                        "F1_micro": 1.0,
                        "P_macro_doc": 1.0,
                        "R_macro_doc": 1.0,
                        "F1_macro_doc": 1.0,
                        "P_macro_doc_std": 0.0,
                        "R_macro_doc_std": 0.0,
                        "F1_macro_doc_std": 0.0
                    },
                    "strict": {
                        "correct": 1,
                        "incorrect": 0,
                        "partial": 0,