{
    "NE-COARSE-LIT": {
        "TIME-ALL": {
            "LED-ALL": {
                "OTH": {
                    "partial": {
                        "correct": 1,
                        "incorrect": 0,
                        "partial": 0,
                        "missed": 0,
                        "spurious": 32,
                        "possible": 1,
                        "actual": 33,
                        "TP": 1,
                        "FP": 32,
                        "FN": 0,
                        "P_micro": 0.030303030303030304,
                        "R_micro": 1.0,
                        "F1_micro": 0.05882352941176471,
                        "P_macro_doc": 0.030303030303030304,
                        "R_macro_doc": 1.0,
                        "F1_macro_doc": 0.05882352941176471,
                        "P_macro_doc_std": 0.0,
                        "R_macro_doc_std": 0.0,
                        "F1_macro_doc_std": 0.0
                    },
                    "strict": {
                        "correct": 1,
                        "incorrect": 0,
                        "partial": 0,
                        "missed": 0,
                        "spurious": 32,
                        "possible": 1,
                        "actual": 33,
                        "TP": 1,
                        "FP": 32,
                        "FN": 0,
                        "P_micro": 0.030303030303030304,
                        "R_micro": 1.0,
                        "F1_micro": 0.05882352941176471,
                        "P_macro_doc": 0.030303030303030304,
                        "R_macro_doc": 1.0,
                        "F1_macro_doc": 0.05882352941176471,
                        "P_macro_doc_std": 0.0,
                        "R_macro_doc_std": 0.0,
                        "F1_macro_doc_std": 0.0
                    },
                    "ent_type": {
                        "correct": 1,
                        "incorrect": 0,
                        "partial": 0,
                        "missed": 0,
                        "spurious": 32,
                        "possible": 1,
                        "actual": 33,
                        "TP": 1,
                        "FP": 32,
                        "FN": 0,
                        "P_micro": 0.030303030303030304,
                        "R_micro": 1.0,
                        "F1_micro": 0.05882352941176471,
                        "P_macro_doc": 0.030303030303030304,
                        "R_macro_doc": 1.0,
                        "F1_macro_doc": 0.05882352941176471,
                        "P_macro_doc_std": 0.0,
                        "R_macro_doc_std": 0.0,
                        "F1_macro_doc_std": 0.0
                    },
                    "exact": {
                        "correct": 1,
                        "incorrect": 0,
                        "partial": 0,
                        "missed": 0,
                        "spurious": 32,
                        "possible": 1,
                        "actual": 33,
                        "TP": 1,
                        "FP": 32,
                        "FN": 0,
                        "P_micro": 0.030303030303030304,
                        "R_micro": 1.0,
                        "F1_micro": 0.05882352941176471,
                        "P_macro_doc": 0.030303030303030304,
                        "R_macro_doc": 1.0,
                        "F1_macro_doc": 0.05882352941176471,
                        "P_macro_doc_std": 0.0,
                        "R_macro_doc_std": 0.0,
                        "F1_macro_doc_std": 0.0
                    }
                },
                "PER": {
                    "partial": {
                        "correct": 3,
                        "incorrect": 0,
                        "partial": 0,
                        "missed": 0,
                        "spurious": 0,
                        "possible": 3,
                        "actual": 3,
                        "TP": 3,
                        "FP": 0,
                        "FN": 0,
                        "P_micro": 1.0,
                        "R_micro": 1.0,
                        "F1_micro": 1.0,
                        "P_macro_doc": 1.0,
                        "R_macro_doc": 1.0,
                        "F1_macro_doc": 1.0,
                        "P_macro_doc_std": 0.0,
                        "R_macro_doc_std": 0.0,
                        "F1_macro_doc_std": 0.0
                    },
                    "strict": {
                        "correct": 3,
                        "incorrect": 0,
                        "partial": 0,
                        "missed": 0,
                        "spurious": 0,
                        "possible": 3,
                        "actual": 3,
                        "TP": 3,
                        "FP": 0,
                        "FN": 0,
                        "P_micro": 1.0,
                        "R_micro": 1.0,
                        "F1_micro": 1.0,
                        "P_macro_doc": 1.0,
                        "R_macro_doc": 1.0,
                        "F1_macro_doc": 1.0,
                        "P_macro_doc_std": 0.0,
                        "R_macro_doc_std": 0.0,
                        "F1_macro_doc_std": 0.0
                    },
                    "ent_type": {
                        "correct": 3,
                        "incorrect": 0,
                        "partial": 0,
                        "missed": 0,
                        "spurious": 0,
                        "possible": 3,
                        "actual": 3,
                        "TP": 3,
                        "FP": 0,
                        "FN": 0,
                        "P_micro": 1.0,
                        "R_micro": 1.0,
                        "F1_micro": 1.0,
                        "P_macro_doc": 1.0,
                        "R_macro_doc": 1.0,
                        "F1_macro_doc": 1.0,
                        "P_macro_doc_std": 0.0,
                        "R_macro_doc_std": 0.0,
                        "F1_macro_doc_std": 0.0
                    },
                    "exact": {
                        "correct": 3,
                        "incorrect": 0,
                        "partial": 0,
                        "missed": 0,
                        "spurious": 0,
                        "possible": 3,
                        "actual": 3,
                        "TP": 3,
                        "FP": 0,
                        "FN": 0,
                        "P_micro": 1.0,
                        "R_micro": 1.0,
                        "F1_micro": 1.0,
                        "P_macro_doc": 1.0,
                        "R_macro_doc": 1.0,
                        "F1_macro_doc": 1.0,
                        "P_macro_doc_std": 0.0,
                        "R_macro_doc_std": 0.0,
                        "F1_macro_doc_std": 0.0
                    }
                },
                "LOC": {
                    "partial": {
                        "correct": 2,
                        "incorrect": 0,
                        "partial": 0,
                        "missed": 2,
                        "spurious": 1,
                        "possible": 4,
                        "actual": 3,
                        "TP": 2,
                        "FP": 1,
                        "FN": 2,
                        "P_micro": 0.6666666666666666,
                        "R_micro": 0.5,
                        "F1_micro": 0.5714285714285715,
                        "P_macro_doc": 0.6666666666666666,
                        "R_macro_doc": 0.5,
                        "F1_macro_doc": 0.5714285714285715,
                        "P_macro_doc_std": 0.0,
                        "R_macro_doc_std": 0.0,
                        "F1_macro_doc_std": 0.0
                    },
                    "strict": {
                        "correct": 1,