{
    "NE-COARSE-LIT": {
        "TIME-ALL": {
            "LED-ALL": {
                "OTH": {
                    "partial": {
                        "correct": 5,
                        "incorrect": 0,
                        "partial": 0,
                        "missed": 0,
                        "spurious": 37,
                        "possible": 5,
                        "actual": 42,
                        "TP": 5,
                        "FP": 37,
                        "FN": 0,
                        "P_micro": 0.11904761904761904,
                        "R_micro": 1.0,
                        "F1_micro": 0.21276595744680848,
                        "P_macro_doc": 0.11904761904761904,
                        "R_macro_doc": 1.0,
                        "F1_macro_doc": 0.21276595744680848,
                        "P_macro_doc_std": 0.0,
                        "R_macro_doc_std": 0.0,
                        "F1_macro_doc_std": 0.0
                    },
                    "strict": {
                        "correct": 5,
                        "incorrect": 0,
                        "partial": 0,
                        "missed": 0,
                        "spurious": 37,
                        "possible": 5,
                        "actual": 42,
                        "TP": 5,
                        "FP": 37,
                        "FN": 0,
                        "P_micro": 0.11904761904761904,
                        "R_micro": 1.0,
                        "F1_micro": 0.21276595744680848,
                        "P_macro_doc": 0.11904761904761904,
                        "R_macro_doc": 1.0,
                        "F1_macro_doc": 0.21276595744680848,
                        "P_macro_doc_std": 0.0,
                        "R_macro_doc_std": 0.0,
                        "F1_macro_doc_std": 0.0
                    },
                    "ent_type": {
                        "correct": 5,
                        "incorrect": 0,
                        "partial": 0,
                        "missed": 0,
                        "spurious": 37,
                        "possible": 5,
                        "actual": 42,
                        "TP": 5,
                        "FP": 37,
                        "FN": 0,
                        "P_micro": 0.11904761904761904,
                        "R_micro": 1.0,
                        "F1_micro": 0.21276595744680848,
                        "P_macro_doc": 0.11904761904761904,
                        "R_macro_doc": 1.0,
                        "F1_macro_doc": 0.21276595744680848,
                        "P_macro_doc_std": 0.0,
                        "R_macro_doc_std": 0.0,
                        "F1_macro_doc_std": 0.0
                    },
                    "exact": {
                        "correct": 5,
                        "incorrect": 0,
                        "partial": 0,
                        "missed": 0,
                        "spurious": 37,
                        "possible": 5,
                        "actual": 42,
                        "TP": 5,
                        "FP": 37,
                        "FN": 0,
                        "P_micro": 0.11904761904761904,
                        "R_micro": 1.0,
                        "F1_micro": 0.21276595744680848,
                        "P_macro_doc": 0.11904761904761904,
                        "R_macro_doc": 1.0,
                        "F1_macro_doc": 0.21276595744680848,
                        "P_macro_doc_std": 0.0,
                        "R_macro_doc_std": 0.0,
                        "F1_macro_doc_std": 0.0
                    }
                },
                "PER": {
                    "partial": {
                        "correct": 5,
                        "incorrect": 0,
                        "partial": 0,
                        "missed": 0,
                        "spurious": 0,
                        "possible": 5,
                        "actual": 5,
                        "TP": 5,
                        "FP": 0,
                        "FN": 0,
                        "P_micro": 1.0,
                        "R_micro": 1.0,
                        "F1_micro": 1.0,
                        "P_macro_doc": 1.0,
                        "R_macro_doc": 1.0,
                        "F1_macro_doc": 1.0,
                        "P_macro_doc_std": 0.0,
                        "R_macro_doc_std": 0.0,
                        "F1_macro_doc_std": 0.0
                    },
                    "strict": {
                        "correct": 4,
                        "incorrect": 1,
                        "partial": 0,
                        "missed": 0,
                        "spurious": 0,
                        "possible": 5,
                        "actual": 5,
                        "TP": 4,
                        "FP": 1,
                        "FN": 1,
                        "P_micro": 0.8,
                        "R_micro": 0.8,
                        "F1_micro": 0.8000000000000002,
                        "P_macro_doc": 0.8,
                        "R_macro_doc": 0.8,
                        "F1_macro_doc": 0.8000000000000002,
                        "P_macro_doc_std": 0.0,
                        "R_macro_doc_std": 0.0,
                        "F1_macro_doc_std": 0.0
                    },
                    "ent_type": {
                        "correct": 4,
                        "incorrect": 1,
                        "partial": 0,
                        "missed": 0,
                        "spurious": 0,
                        "possible": 5,
                        "actual": 5,
                        "TP": 4,
                        "FP": 1,
                        "FN": 1,
                        "P_micro": 0.8,
                        "R_micro": 0.8,
                        "F1_micro": 0.8000000000000002,
                        "P_macro_doc": 0.8,
                        "R_macro_doc": 0.8,
                        "F1_macro_doc": 0.8000000000000002,
                        "P_macro_doc_std": 0.0,
                        "R_macro_doc_std": 0.0,
                        "F1_macro_doc_std": 0.0
                    },
                    "exact": {
                        "correct": 5,
                        "incorrect": 0,
                        "partial": 0,
                        "missed": 0,
                        "spurious": 0,
                        "possible": 5,
                        "actual": 5,
                        "TP": 5,
                        "FP": 0,
                        "FN": 0,
                        "P_micro": 1.0,
                        "R_micro": 1.0,
                        "F1_micro": 1.0,
                        "P_macro_doc": 1.0,
                        "R_macro_doc": 1.0,
                        "F1_macro_doc": 1.0,
                        "P_macro_doc_std": 0.0,
                        "R_macro_doc_std": 0.0,
                        "F1_macro_doc_std": 0.0
                    }
                },
                "LOC": {
                    "partial": {
                        "correct": 1,
                        "incorrect": 0,
                        "partial": 0,
                        "missed": 0,
                        "spurious": 0,
                        "possible": 1,
                        "actual": 1,
                        "TP": 1,
                        "FP": 0,
                        "FN": 0,
                        "P_micro": 1.0,
                        "R_micro": 1.0,
                        "F1_micro": 1.0,
                        "P_macro_doc": 1.0,
                        "R_macro_doc": 1.0,
                        "F1_macro_doc": 1.0,
                        "P_macro_doc_std": 0.0,
                        "R_macro_doc_std": 0.0,
                        "F1_macro_doc_std": 0.0
                    },
                    "strict": {
                        "correct": 0,