{
    "NE-COARSE-LIT": {
        "TIME-ALL": {
            "LED-ALL": {
                "OTH": {
                    "partial": {
                        "correct": 1,
                        "incorrect": 0,
                        "partial": 0,
                        "missed": 1,
                        "spurious": 14,
                        "possible": 2,
                        "actual": 15,
                        "TP": 1,
                        "FP": 14,
                        "FN": 1,
                        "P_micro": 0.06666666666666667,
                        "R_micro": 0.5,
                        "F1_micro": 0.11764705882352941,
                        "P_macro_doc": 0.06666666666666667,
                        "R_macro_doc": 0.5,
                        "F1_macro_doc": 0.11764705882352941,
                        "P_macro_doc_std": 0.0,
                        "R_macro_doc_std": 0.0,
                        "F1_macro_doc_std": 0.0
                    },
                    "strict": {
                        "correct": 1,
                        "incorrect": 0,
                        "partial": 0,
                        "missed": 1,
                        "spurious": 14,
                        "possible": 2,
                        "actual": 15,
                        "TP": 1,
                        "FP": 14,
                        "FN": 1,
                        "P_micro": 0.06666666666666667,
                        "R_micro": 0.5,
                        "F1_micro": 0.11764705882352941,
                        "P_macro_doc": 0.06666666666666667,
                        "R_macro_doc": 0.5,
                        "F1_macro_doc": 0.11764705882352941,
                        "P_macro_doc_std": 0.0,
                        "R_macro_doc_std": 0.0,
                        "F1_macro_doc_std": 0.0
                    },
                    "ent_type": {
                        "correct": 1,
                        "incorrect": 0,
                        "partial": 0,
                        "missed": 1,
                        "spurious": 14,
                        "possible": 2,
                        "actual": 15,
                        "TP": 1,
                        "FP": 14,
                        "FN": 1,
                        "P_micro": 0.06666666666666667,
                        "R_micro": 0.5,
                        "F1_micro": 0.11764705882352941,
                        "P_macro_doc": 0.06666666666666667,
                        "R_macro_doc": 0.5,
                        "F1_macro_doc": 0.11764705882352941,
                        "P_macro_doc_std": 0.0,
                        "R_macro_doc_std": 0.0,
                        "F1_macro_doc_std": 0.0
                    },
                    "exact": {
                        "correct": 1,
                        "incorrect": 0,
                        "partial": 0,
                        "missed": 1,
                        "spurious": 14,
                        "possible": 2,
                        "actual": 15,
                        "TP": 1,
                        "FP": 14,
                        "FN": 1,
                        "P_micro": 0.06666666666666667,
                        "R_micro": 0.5,
                        "F1_micro": 0.11764705882352941,
                        "P_macro_doc": 0.06666666666666667,
                        "R_macro_doc": 0.5,
                        "F1_macro_doc": 0.11764705882352941,
                        "P_macro_doc_std": 0.0,
                        "R_macro_doc_std": 0.0,
                        "F1_macro_doc_std": 0.0
                    }
                },
                "PER": {
                    "partial": {
                        "correct": 1,
                        "incorrect": 0,
                        "partial": 0,
                        "missed": 0,
                        "spurious": 0,
                        "possible": 1,
                        "actual": 1,
                        "TP": 1,
                        "FP": 0,
                        "FN": 0,
                        "P_micro": 1.0,
                        "R_micro": 1.0,
                        "F1_micro": 1.0,
                        "P_macro_doc": 1.0,
                        "R_macro_doc": 1.0,
                        "F1_macro_doc": 1.0,
                        "P_macro_doc_std": 0.0,
                        "R_macro_doc_std": 0.0,
                        "F1_macro_doc_std": 0.0
                    },
                    "strict": {
                        "correct": 1,
                        "incorrect": 0,
                        "partial": 0,
                        "missed": 0,
                        "spurious": 0,
                        "possible": 1,
                        "actual": 1,
                        "TP": 1,
                        "FP": 0,
                        "FN": 0,
                        "P_micro": 1.0,
                        "R_micro": 1.0,
                        "F1_micro": 1.0,
                        "P_macro_doc": 1.0,
                        "R_macro_doc": 1.0,
                        "F1_macro_doc": 1.0,
                        "P_macro_doc_std": 0.0,
                        "R_macro_doc_std": 0.0,
                        "F1_macro_doc_std": 0.0
                    },
                    "ent_type": {
                        "correct": 1,
                        "incorrect": 0,
                        "partial": 0,
                        "missed": 0,
                        "spurious": 0,
                        "possible": 1,
                        "actual": 1,
                        "TP": 1,
                        "FP": 0,
                        "FN": 0,
                        "P_micro": 1.0,
                        "R_micro": 1.0,
                        "F1_micro": 1.0,
                        "P_macro_doc": 1.0,
                        "R_macro_doc": 1.0,
                        "F1_macro_doc": 1.0,
                        "P_macro_doc_std": 0.0,
                        "R_macro_doc_std": 0.0,
                        "F1_macro_doc_std": 0.0
                    },
                    "exact": {
                        "correct": 1,
                        "incorrect": 0,
                        "partial": 0,
                        "missed": 0,
                        "spurious": 0,
                        "possible": 1,
                        "actual": 1,
                        "TP": 1,
                        "FP": 0,
                        "FN": 0,
                        "P_micro": 1.0,
                        "R_micro": 1.0,
                        "F1_micro": 1.0,
                        "P_macro_doc": 1.0,
                        "R_macro_doc": 1.0,
                        "F1_macro_doc": 1.0,
                        "P_macro_doc_std": 0.0,
                        "R_macro_doc_std": 0.0,
                        "F1_macro_doc_std": 0.0
                    }
                },
                "ALL": {
                    "partial": {
                        "correct": 2,
                        "incorrect": 0,
                        "partial": 0,
                        "missed": 1,
                        "spurious": 14,
                        "possible": 3,
                        "actual": 16,
                        "TP": 2,
                        "FP": 14,
                        "FN": 1,
                        "P_micro": 0.125,
                        "R_micro": 0.6666666666666666,
                        "F1_micro": 0.21052631578947367,
                        "P_macro_doc": 0.125,
                        "R_macro_doc": 0.6666666666666666,
                        "F1_macro_doc": 0.21052631578947367,
                        "P_macro_doc_std": 0.0,
                        "R_macro_doc_std": 0.0,
                        "F1_macro_doc_std": 0.0,
                        "P_macro": 0.5333333333333333,
                        "R_macro": 0.75,