{
    "NE-COARSE-LIT": {
        "TIME-ALL": {
            "LED-ALL": {
                "OTH": {
                    "partial": {
                        "correct": 1,
                        "incorrect": 0,
                        "partial": 0,
                        "missed": 0,
                        "spurious": 22,
                        "possible": 1,
                        "actual": 23,
                        "TP": 1,
                        "FP": 22,
                        "FN": 0,
                        "P_micro": 0.043478260869565216,
                        "R_micro": 1.0,
                        "F1_micro": 0.08333333333333333,
                        "P_macro_doc": 0.043478260869565216,
                        "R_macro_doc": 1.0,
                        "F1_macro_doc": 0.08333333333333333,
                        "P_macro_doc_std": 0.0,
                        "R_macro_doc_std": 0.0,
                        "F1_macro_doc_std": 0.0
                    },
                    "strict": {
                        "correct": 1,
                        "incorrect": 0,
                        "partial": 0,
                        "missed": 0,
                        "spurious": 22,
                        "possible": 1,
                        "actual": 23,
                        "TP": 1,
                        "FP": 22,
                        "FN": 0,
                        "P_micro": 0.043478260869565216,
                        "R_micro": 1.0,
                        "F1_micro": 0.08333333333333333,
                        "P_macro_doc": 0.043478260869565216,
                        "R_macro_doc": 1.0,
                        "F1_macro_doc": 0.08333333333333333,
                        "P_macro_doc_std": 0.0,
                        "R_macro_doc_std": 0.0,
                        "F1_macro_doc_std": 0.0
                    },
                    "ent_type": {
                        "correct": 1,
                        "incorrect": 0,
                        "partial": 0,
                        "missed": 0,
                        "spurious": 22,
                        "possible": 1,
                        "actual": 23,
                        "TP": 1,
                        "FP": 22,
                        "FN": 0,
                        "P_micro": 0.043478260869565216,
                        "R_micro": 1.0,
                        "F1_micro": 0.08333333333333333,
                        "P_macro_doc": 0.043478260869565216,
                        "R_macro_doc": 1.0,
                        "F1_macro_doc": 0.08333333333333333,
                        "P_macro_doc_std": 0.0,
                        "R_macro_doc_std": 0.0,
                        "F1_macro_doc_std": 0.0
                    },
                    "exact": {
                        "correct": 1,
                        "incorrect": 0,
                        "partial": 0,
                        "missed": 0,
                        "spurious": 22,
                        "possible": 1,
                        "actual": 23,
                        "TP": 1,
                        "FP": 22,
                        "FN": 0,
                        "P_micro": 0.043478260869565216,
                        "R_micro": 1.0,
                        "F1_micro": 0.08333333333333333,
                        "P_macro_doc": 0.043478260869565216,
                        "R_macro_doc": 1.0,
                        "F1_macro_doc": 0.08333333333333333,
                        "P_macro_doc_std": 0.0,
                        "R_macro_doc_std": 0.0,
                        "F1_macro_doc_std": 0.0
                    }
                },
                "PER": {
                    "partial": {
                        "correct": 4,
                        "incorrect": 0,
                        "partial": 0,
                        "missed": 1,
                        "spurious": 0,
                        "possible": 5,
                        "actual": 4,
                        "TP": 4,
                        "FP": 0,
                        "FN": 1,
                        "P_micro": 1.0,
                        "R_micro": 0.8,
                        "F1_micro": 0.888888888888889,
                        "P_macro_doc": 1.0,
                        "R_macro_doc": 0.8,
                        "F1_macro_doc": 0.888888888888889,
                        "P_macro_doc_std": 0.0,
                        "R_macro_doc_std": 0.0,
                        "F1_macro_doc_std": 0.0
                    },
                    "strict": {
                        "correct": 3,
                        "incorrect": 1,
                        "partial": 0,
                        "missed": 1,
                        "spurious": 0,
                        "possible": 5,
                        "actual": 4,
                        "TP": 3,
                        "FP": 1,
                        "FN": 2,
                        "P_micro": 0.75,
                        "R_micro": 0.6,
                        "F1_micro": 0.6666666666666665,
                        "P_macro_doc": 0.75,
                        "R_macro_doc": 0.6,
                        "F1_macro_doc": 0.6666666666666665,
                        "P_macro_doc_std": 0.0,
                        "R_macro_doc_std": 0.0,
                        "F1_macro_doc_std": 0.0
                    },
                    "ent_type": {
                        "correct": 3,
                        "incorrect": 1,
                        "partial": 0,
                        "missed": 1,
                        "spurious": 0,
                        "possible": 5,
                        "actual": 4,
                        "TP": 3,
                        "FP": 1,
                        "FN": 2,
                        "P_micro": 0.75,
                        "R_micro": 0.6,
                        "F1_micro": 0.6666666666666665,
                        "P_macro_doc": 0.75,
                        "R_macro_doc": 0.6,
                        "F1_macro_doc": 0.6666666666666665,
                        "P_macro_doc_std": 0.0,
                        "R_macro_doc_std": 0.0,
                        "F1_macro_doc_std": 0.0
                    },
                    "exact": {
                        "correct": 4,
                        "incorrect": 0,
                        "partial": 0,
                        "missed": 1,
                        "spurious": 0,
                        "possible": 5,
                        "actual": 4,
                        "TP": 4,
                        "FP": 0,
                        "FN": 1,
                        "P_micro": 1.0,
                        "R_micro": 0.8,
                        "F1_micro": 0.888888888888889,
                        "P_macro_doc": 1.0,
                        "R_macro_doc": 0.8,
                        "F1_macro_doc": 0.888888888888889,
                        "P_macro_doc_std": 0.0,
                        "R_macro_doc_std": 0.0,
                        "F1_macro_doc_std": 0.0
                    }
                },
                "ALL": {
                    "partial": {
                        "correct": 5,
                        "incorrect": 0,
                        "partial": 0,
                        "missed": 1,
                        "spurious": 22,
                        "possible": 6,
                        "actual": 27,
                        "TP": 5,
                        "FP": 22,
                        "FN": 1,
                        "P_micro": 0.18518518518518517,
                        "R_micro": 0.8333333333333334,
                        "F1_micro": 0.303030303030303,
                        "P_macro_doc": 0.18518518518518517,
                        "R_macro_doc": 0.8333333333333334,
                        "F1_macro_doc": 0.303030303030303,
                        "P_macro_doc_std": 0.0,
                        "R_macro_doc_std": 0.0,