{
    "NE-COARSE-LIT": {
        "TIME-ALL": {
            "LED-ALL": {
                "PER": {
                    "partial": {
                        "correct": 11,
                        "incorrect": 0,
                        "partial": 0,
                        "missed": 0,
                        "spurious": 1,
                        "possible": 11,
                        "actual": 12,
                        "TP": 11,
                        "FP": 1,
                        "FN": 0,
                        "P_micro": 0.9166666666666666,
                        "R_micro": 1.0,
                        "F1_micro": 0.9565217391304348,
                        "P_macro_doc": 0.9166666666666666,
                        "R_macro_doc": 1.0,
                        "F1_macro_doc": 0.9565217391304348,
                        "P_macro_doc_std": 0.0,
                        "R_macro_doc_std": 0.0,
                        "F1_macro_doc_std": 0.0
                    },
                    "strict": {
                        "correct": 11,
                        "incorrect": 0,
                        "partial": 0,
                        "missed": 0,
                        "spurious": 1,
                        "possible": 11,
                        "actual": 12,
                        "TP": 11,
                        "FP": 1,
                        "FN": 0,
                        "P_micro": 0.9166666666666666,
                        "R_micro": 1.0,
                        "F1_micro": 0.9565217391304348,
                        "P_macro_doc": 0.9166666666666666,
                        "R_macro_doc": 1.0,
                        "F1_macro_doc": 0.9565217391304348,
                        "P_macro_doc_std": 0.0,
                        "R_macro_doc_std": 0.0,
                        "F1_macro_doc_std": 0.0
                    },
                    "ent_type": {
                        "correct": 11,
                        "incorrect": 0,
                        "partial": 0,
                        "missed": 0,
                        "spurious": 1,
                        "possible": 11,
                        "actual": 12,
                        "TP": 11,
                        "FP": 1,
                        "FN": 0,
                        "P_micro": 0.9166666666666666,
                        "R_micro": 1.0,
                        "F1_micro": 0.9565217391304348,
                        "P_macro_doc": 0.9166666666666666,
                        "R_macro_doc": 1.0,
                        "F1_macro_doc": 0.9565217391304348,
                        "P_macro_doc_std": 0.0,
                        "R_macro_doc_std": 0.0,
                        "F1_macro_doc_std": 0.0
                    },
                    "exact": {
                        "correct": 11,
                        "incorrect": 0,
                        "partial": 0,
                        "missed": 0,
                        "spurious": 1,
                        "possible": 11,
                        "actual": 12,
                        "TP": 11,
                        "FP": 1,
                        "FN": 0,
                        "P_micro": 0.9166666666666666,
                        "R_micro": 1.0,
                        "F1_micro": 0.9565217391304348,
                        "P_macro_doc": 0.9166666666666666,
                        "R_macro_doc": 1.0,
                        "F1_macro_doc": 0.9565217391304348,
                        "P_macro_doc_std": 0.0,
                        "R_macro_doc_std": 0.0,
                        "F1_macro_doc_std": 0.0
                    }
                },
                "OTH": {
                    "partial": {
                        "correct": 0,
                        "incorrect": 0,
                        "partial": 0,
                        "missed": 6,
                        "spurious": 0,
                        "possible": 6,
                        "actual": 0,
                        "TP": 0,
                        "FP": 0,
                        "FN": 6,
                        "P_micro": 0,
                        "R_micro": 0.0,
                        "F1_micro": 0,
                        "P_macro_doc": null,
                        "R_macro_doc": 0.0,
                        "F1_macro_doc": null,
                        "P_macro_doc_std": null,
                        "R_macro_doc_std": 0.0,
                        "F1_macro_doc_std": null
                    },
                    "strict": {
                        "correct": 0,
                        "incorrect": 0,
                        "partial": 0,
                        "missed": 6,
                        "spurious": 0,
                        "possible": 6,
                        "actual": 0,
                        "TP": 0,
                        "FP": 0,
                        "FN": 6,
                        "P_micro": 0,
                        "R_micro": 0.0,
                        "F1_micro": 0,
                        "P_macro_doc": null,
                        "R_macro_doc": 0.0,
                        "F1_macro_doc": null,
                        "P_macro_doc_std": null,
                        "R_macro_doc_std": 0.0,
                        "F1_macro_doc_std": null
                    },
                    "ent_type": {
                        "correct": 0,
                        "incorrect": 0,
                        "partial": 0,
                        "missed": 6,
                        "spurious": 0,
                        "possible": 6,
                        "actual": 0,
                        "TP": 0,
                        "FP": 0,
                        "FN": 6,
                        "P_micro": 0,
                        "R_micro": 0.0,
                        "F1_micro": 0,
                        "P_macro_doc": null,
                        "R_macro_doc": 0.0,
                        "F1_macro_doc": null,
                        "P_macro_doc_std": null,
                        "R_macro_doc_std": 0.0,
                        "F1_macro_doc_std": null
                    },
                    "exact": {
                        "correct": 0,
                        "incorrect": 0,
                        "partial": 0,
                        "missed": 6,
                        "spurious": 0,
                        "possible": 6,
                        "actual": 0,
                        "TP": 0,
                        "FP": 0,
                        "FN": 6,
                        "P_micro": 0,
                        "R_micro": 0.0,
                        "F1_micro": 0,
                        "P_macro_doc": null,
                        "R_macro_doc": 0.0,
                        "F1_macro_doc": null,
                        "P_macro_doc_std": null,
                        "R_macro_doc_std": 0.0,
                        "F1_macro_doc_std": null
                    }
                },
                "ALL": {
                    "partial": {
                        "correct": 11,
                        "incorrect": 0,
                        "partial": 0,
                        "missed": 6,
                        "spurious": 1,
                        "possible": 17,
                        "actual": 12,
                        "TP": 11,
                        "FP": 1,
                        "FN": 6,
                        "P_micro": 0.9166666666666666,
                        "R_micro": 0.6470588235294118,
                        "F1_micro": 0.7586206896551724,
                        "P_macro_doc": 0.9166666666666666,
                        "R_macro_doc": 0.6470588235294118,
                        "F1_macro_doc": 0.7586206896551724,
                        "P_macro_doc_std": 0.0,
                        "R_macro_doc_std": 0.0,
                        "F1_macro_doc_std": 0.0,
                        "P_macro": 0.4583333333333333,
                        "R_macro": 0.5,