{
    "NE-COARSE-LIT": {
        "TIME-ALL": {
            "LED-ALL": {
                "LOC": {
                    "partial": {
                        "correct": 2,
                        "incorrect": 0,
                        "partial": 2,
                        "missed": 3,
                        "spurious": 2,
                        "possible": 7,
                        "actual": 6,
                        "TP": 2,
                        "FP": 4,
                        "FN": 5,
                        "P_micro": 0.5,
                        "R_micro": 0.42857142857142855,
                        "F1_micro": 0.4615384615384615,
                        "P_macro_doc": 0.5,
                        "R_macro_doc": 0.42857142857142855,
                        "F1_macro_doc": 0.4615384615384615,
                        "P_macro_doc_std": 0.0,
                        "R_macro_doc_std": 0.0,
                        "F1_macro_doc_std": 0.0
                    },
                    "strict": {
                        "correct": 2,
                        "incorrect": 2,
                        "partial": 0,
                        "missed": 3,
                        "spurious": 2,
                        "possible": 7,
                        "actual": 6,
                        "TP": 2,
                        "FP": 4,
                        "FN": 5,
                        "P_micro": 0.3333333333333333,
                        "R_micro": 0.2857142857142857,
                        "F1_micro": 0.30769230769230765,
                        "P_macro_doc": 0.3333333333333333,
                        "R_macro_doc": 0.2857142857142857,
                        "F1_macro_doc": 0.30769230769230765,
                        "P_macro_doc_std": 0.0,
                        "R_macro_doc_std": 0.0,
                        "F1_macro_doc_std": 0.0
                    },
                    "ent_type": {
                        "correct": 2,
                        "incorrect": 2,
                        "partial": 0,
                        "missed": 3,
                        "spurious": 2,
                        "possible": 7,
                        "actual": 6,
                        "TP": 2,
                        "FP": 4,
                        "FN": 5,
                        "P_micro": 0.3333333333333333,
                        "R_micro": 0.2857142857142857,
                        "F1_micro": 0.30769230769230765,
                        "P_macro_doc": 0.3333333333333333,
                        "R_macro_doc": 0.2857142857142857,
                        "F1_macro_doc": 0.30769230769230765,
                        "P_macro_doc_std": 0.0,
                        "R_macro_doc_std": 0.0,
                        "F1_macro_doc_std": 0.0
                    },
                    "exact": {
                        "correct": 2,
                        "incorrect": 2,
                        "partial": 0,
                        "missed": 3,
                        "spurious": 2,
                        "possible": 7,
                        "actual": 6,
                        "TP": 2,
                        "FP": 4,
                        "FN": 5,
                        "P_micro": 0.3333333333333333,
                        "R_micro": 0.2857142857142857,
                        "F1_micro": 0.30769230769230765,
                        "P_macro_doc": 0.3333333333333333,
                        "R_macro_doc": 0.2857142857142857,
                        "F1_macro_doc": 0.30769230769230765,
                        "P_macro_doc_std": 0.0,
                        "R_macro_doc_std": 0.0,
                        "F1_macro_doc_std": 0.0
                    }
                },
                "OTH": {
                    "partial": {
                        "correct": 0,
                        "incorrect": 0,
                        "partial": 1,
                        "missed": 6,
                        "spurious": 2,
                        "possible": 7,
                        "actual": 3,
                        "TP": 0,
                        "FP": 3,
                        "FN": 7,
                        "P_micro": 0.16666666666666666,
                        "R_micro": 0.07142857142857142,
                        "F1_micro": 0.1,
                        "P_macro_doc": 0.16666666666666666,
                        "R_macro_doc": 0.07142857142857142,
                        "F1_macro_doc": 0.1,
                        "P_macro_doc_std": 0.0,
                        "R_macro_doc_std": 0.0,
                        "F1_macro_doc_std": 0.0
                    },
                    "strict": {
                        "correct": 0,
                        "incorrect": 1,
                        "partial": 0,
                        "missed": 6,
                        "spurious": 2,
                        "possible": 7,
                        "actual": 3,
                        "TP": 0,
                        "FP": 3,
                        "FN": 7,
                        "P_micro": 0.0,
                        "R_micro": 0.0,
                        "F1_micro": 0,
                        "P_macro_doc": 0.0,
                        "R_macro_doc": 0.0,
                        "F1_macro_doc": 0.0,
                        "P_macro_doc_std": 0.0,
                        "R_macro_doc_std": 0.0,
                        "F1_macro_doc_std": 0.0
                    },
                    "ent_type": {
                        "correct": 1,
                        "incorrect": 0,
                        "partial": 0,
                        "missed": 6,
                        "spurious": 2,
                        "possible": 7,
                        "actual": 3,
                        "TP": 1,
                        "FP": 2,
                        "FN": 6,
                        "P_micro": 0.3333333333333333,
                        "R_micro": 0.14285714285714285,
                        "F1_micro": 0.2,
                        "P_macro_doc": 0.3333333333333333,
                        "R_macro_doc": 0.14285714285714285,
                        "F1_macro_doc": 0.2,
                        "P_macro_doc_std": 0.0,
                        "R_macro_doc_std": 0.0,
                        "F1_macro_doc_std": 0.0
                    },
                    "exact": {
                        "correct": 0,
                        "incorrect": 1,
                        "partial": 0,
                        "missed": 6,
                        "spurious": 2,
                        "possible": 7,
                        "actual": 3,
                        "TP": 0,
                        "FP": 3,
                        "FN": 7,
                        "P_micro": 0.0,
                        "R_micro": 0.0,
                        "F1_micro": 0,
                        "P_macro_doc": 0.0,
                        "R_macro_doc": 0.0,
                        "F1_macro_doc": 0.0,
                        "P_macro_doc_std": 0.0,
                        "R_macro_doc_std": 0.0,
                        "F1_macro_doc_std": 0.0
                    }
                },
                "PER": {
                    "partial": {
                        "correct": 0,
                        "incorrect": 0,
                        "partial": 1,
                        "missed": 0,
                        "spurious": 0,
                        "possible": 1,
                        "actual": 1,
                        "TP": 0,
                        "FP": 1,
                        "FN": 1,
                        "P_micro": 0.5,
                        "R_micro": 0.5,
                        "F1_micro": 0.5,
                        "P_macro_doc": 0.5,
                        "R_macro_doc": 0.5,
                        "F1_macro_doc": 0.5,
                        "P_macro_doc_std": 0.0,
                        "R_macro_doc_std": 0.0,