{
    "NE-COARSE-LIT": {
        "TIME-ALL": {
            "LED-ALL": {
                "OTH": {
                    "partial": {
                        "correct": 6,
                        "incorrect": 0,
                        "partial": 0,
                        "missed": 1,
                        "spurious": 7,
                        "possible": 7,
                        "actual": 13,
                        "TP": 6,
                        "FP": 7,
                        "FN": 1,
                        "P_micro": 0.46153846153846156,
                        "R_micro": 0.8571428571428571,
                        "F1_micro": 0.6,
                        "P_macro_doc": 0.46153846153846156,
                        "R_macro_doc": 0.8571428571428571,
                        "F1_macro_doc": 0.6,
                        "P_macro_doc_std": 0.0,
                        "R_macro_doc_std": 0.0,
                        "F1_macro_doc_std": 0.0
                    },
                    "strict": {
                        "correct": 6,
                        "incorrect": 0,
                        "partial": 0,
                        "missed": 1,
                        "spurious": 7,
                        "possible": 7,
                        "actual": 13,
                        "TP": 6,
                        "FP": 7,
                        "FN": 1,
                        "P_micro": 0.46153846153846156,
                        "R_micro": 0.8571428571428571,
                        "F1_micro": 0.6,
                        "P_macro_doc": 0.46153846153846156,
                        "R_macro_doc": 0.8571428571428571,
                        "F1_macro_doc": 0.6,
                        "P_macro_doc_std": 0.0,
                        "R_macro_doc_std": 0.0,
                        "F1_macro_doc_std": 0.0
                    },
                    "ent_type": {
                        "correct": 6,
                        "incorrect": 0,
                        "partial": 0,
                        "missed": 1,
                        "spurious": 7,
                        "possible": 7,
                        "actual": 13,
                        "TP": 6,
                        "FP": 7,
                        "FN": 1,
                        "P_micro": 0.46153846153846156,
                        "R_micro": 0.8571428571428571,
                        "F1_micro": 0.6,
                        "P_macro_doc": 0.46153846153846156,
                        "R_macro_doc": 0.8571428571428571,
                        "F1_macro_doc": 0.6,
                        "P_macro_doc_std": 0.0,
                        "R_macro_doc_std": 0.0,
                        "F1_macro_doc_std": 0.0
                    },
                    "exact": {
                        "correct": 6,
                        "incorrect": 0,
                        "partial": 0,
                        "missed": 1,
                        "spurious": 7,
                        "possible": 7,
                        "actual": 13,
                        "TP": 6,
                        "FP": 7,
                        "FN": 1,
                        "P_micro": 0.46153846153846156,
                        "R_micro": 0.8571428571428571,
                        "F1_micro": 0.6,
                        "P_macro_doc": 0.46153846153846156,
                        "R_macro_doc": 0.8571428571428571,
                        "F1_macro_doc": 0.6,
                        "P_macro_doc_std": 0.0,
                        "R_macro_doc_std": 0.0,
                        "F1_macro_doc_std": 0.0
                    }
                },
                "LOC": {
                    "partial": {
                        "correct": 2,
                        "incorrect": 0,
                        "partial": 1,
                        "missed": 4,
                        "spurious": 1,
                        "possible": 7,
                        "actual": 4,
                        "TP": 2,
                        "FP": 2,
                        "FN": 5,
                        "P_micro": 0.625,
                        "R_micro": 0.35714285714285715,
                        "F1_micro": 0.45454545454545453,
                        "P_macro_doc": 0.625,
                        "R_macro_doc": 0.35714285714285715,
                        "F1_macro_doc": 0.45454545454545453,
                        "P_macro_doc_std": 0.0,
                        "R_macro_doc_std": 0.0,
                        "F1_macro_doc_std": 0.0
                    },
                    "strict": {
                        "correct": 2,
                        "incorrect": 1,
                        "partial": 0,
                        "missed": 4,
                        "spurious": 1,
                        "possible": 7,
                        "actual": 4,
                        "TP": 2,
                        "FP": 2,
                        "FN": 5,
                        "P_micro": 0.5,
                        "R_micro": 0.2857142857142857,
                        "F1_micro": 0.36363636363636365,
                        "P_macro_doc": 0.5,
                        "R_macro_doc": 0.2857142857142857,
                        "F1_macro_doc": 0.36363636363636365,
                        "P_macro_doc_std": 0.0,
                        "R_macro_doc_std": 0.0,
                        "F1_macro_doc_std": 0.0
                    },
                    "ent_type": {
                        "correct": 2,
                        "incorrect": 1,
                        "partial": 0,
                        "missed": 4,
                        "spurious": 1,
                        "possible": 7,
                        "actual": 4,
                        "TP": 2,
                        "FP": 2,
                        "FN": 5,
                        "P_micro": 0.5,
                        "R_micro": 0.2857142857142857,
                        "F1_micro": 0.36363636363636365,
                        "P_macro_doc": 0.5,
                        "R_macro_doc": 0.2857142857142857,
                        "F1_macro_doc": 0.36363636363636365,
                        "P_macro_doc_std": 0.0,
                        "R_macro_doc_std": 0.0,
                        "F1_macro_doc_std": 0.0
                    },
                    "exact": {
                        "correct": 2,
                        "incorrect": 1,
                        "partial": 0,
                        "missed": 4,
                        "spurious": 1,
                        "possible": 7,
                        "actual": 4,
                        "TP": 2,
                        "FP": 2,
                        "FN": 5,
                        "P_micro": 0.5,
                        "R_micro": 0.2857142857142857,
                        "F1_micro": 0.36363636363636365,
                        "P_macro_doc": 0.5,
                        "R_macro_doc": 0.2857142857142857,
                        "F1_macro_doc": 0.36363636363636365,
                        "P_macro_doc_std": 0.0,
                        "R_macro_doc_std": 0.0,
                        "F1_macro_doc_std": 0.0
                    }
                },
                "PER": {
                    "partial": {
                        "correct": 0,
                        "incorrect": 0,
                        "partial": 0,
                        "missed": 1,
                        "spurious": 1,
                        "possible": 1,
                        "actual": 1,
                        "TP": 0,
                        "FP": 1,
                        "FN": 1,
                        "P_micro": 0.0,
                        "R_micro": 0.0,
                        "F1_micro": 0,
                        "P_macro_doc": 0.0,
                        "R_macro_doc": 0.0,
                        "F1_macro_doc": 0.0,
                        "P_macro_doc_std": 0.0,
                        "R_macro_doc_std": 0.0,