{
    "NE-COARSE-LIT": {
        "TIME-ALL": {
            "LED-ALL": {
                "PER": {
                    "partial": {
                        "correct": 5,
                        "incorrect": 0,
                        "partial": 2,
                        "missed": 6,
                        "spurious": 1,
                        "possible": 13,
                        "actual": 8,
                        "TP": 5,
                        "FP": 3,
                        "FN": 8,
                        "P_micro": 0.75,
                        "R_micro": 0.46153846153846156,
                        "F1_micro": 0.5714285714285714,
                        "P_macro_doc": 0.75,
                        "R_macro_doc": 0.46153846153846156,
                        "F1_macro_doc": 0.5714285714285714,
                        "P_macro_doc_std": 0.0,
                        "R_macro_doc_std": 0.0,
                        "F1_macro_doc_std": 0.0
                    },
                    "strict": {
                        "correct": 5,
                        "incorrect": 2,
                        "partial": 0,
                        "missed": 6,
                        "spurious": 1,
                        "possible": 13,
                        "actual": 8,
                        "TP": 5,
                        "FP": 3,
                        "FN": 8,
                        "P_micro": 0.625,
                        "R_micro": 0.38461538461538464,
                        "F1_micro": 0.4761904761904762,
                        "P_macro_doc": 0.625,
                        "R_macro_doc": 0.38461538461538464,
                        "F1_macro_doc": 0.4761904761904762,
                        "P_macro_doc_std": 0.0,
                        "R_macro_doc_std": 0.0,
                        "F1_macro_doc_std": 0.0
                    },
                    "ent_type": {
                        "correct": 7,
                        "incorrect": 0,
                        "partial": 0,
                        "missed": 6,
                        "spurious": 1,
                        "possible": 13,
                        "actual": 8,
                        "TP": 7,
                        "FP": 1,
                        "FN": 6,
                        "P_micro": 0.875,
                        "R_micro": 0.5384615384615384,
                        "F1_micro": 0.6666666666666667,
                        "P_macro_doc": 0.875,
                        "R_macro_doc": 0.5384615384615384,
                        "F1_macro_doc": 0.6666666666666667,
                        "P_macro_doc_std": 0.0,
                        "R_macro_doc_std": 0.0,
                        "F1_macro_doc_std": 0.0
                    },
                    "exact": {
                        "correct": 5,
                        "incorrect": 2,
                        "partial": 0,
                        "missed": 6,
                        "spurious": 1,
                        "possible": 13,
                        "actual": 8,
                        "TP": 5,
                        "FP": 3,
                        "FN": 8,
                        "P_micro": 0.625,
                        "R_micro": 0.38461538461538464,
                        "F1_micro": 0.4761904761904762,
                        "P_macro_doc": 0.625,
                        "R_macro_doc": 0.38461538461538464,
                        "F1_macro_doc": 0.4761904761904762,
                        "P_macro_doc_std": 0.0,
                        "R_macro_doc_std": 0.0,
                        "F1_macro_doc_std": 0.0
                    }
                },
                "LOC": {
                    "partial": {
                        "correct": 1,
                        "incorrect": 0,
                        "partial": 0,
                        "missed": 0,
                        "spurious": 0,
                        "possible": 1,
                        "actual": 1,
                        "TP": 1,
                        "FP": 0,
                        "FN": 0,
                        "P_micro": 1.0,
                        "R_micro": 1.0,
                        "F1_micro": 1.0,
                        "P_macro_doc": 1.0,
                        "R_macro_doc": 1.0,
                        "F1_macro_doc": 1.0,
                        "P_macro_doc_std": 0.0,
                        "R_macro_doc_std": 0.0,
                        "F1_macro_doc_std": 0.0
                    },
                    "strict": {
                        "correct": 1,
                        "incorrect": 0,
                        "partial": 0,
                        "missed": 0,
                        "spurious": 0,
                        "possible": 1,
                        "actual": 1,
                        "TP": 1,
                        "FP": 0,
                        "FN": 0,
                        "P_micro": 1.0,
                        "R_micro": 1.0,
                        "F1_micro": 1.0,
                        "P_macro_doc": 1.0,
                        "R_macro_doc": 1.0,
                        "F1_macro_doc": 1.0,
                        "P_macro_doc_std": 0.0,
                        "R_macro_doc_std": 0.0,
                        "F1_macro_doc_std": 0.0
                    },
                    "ent_type": {
                        "correct": 1,
                        "incorrect": 0,
                        "partial": 0,
                        "missed": 0,
                        "spurious": 0,
                        "possible": 1,
                        "actual": 1,
                        "TP": 1,
                        "FP": 0,
                        "FN": 0,
                        "P_micro": 1.0,
                        "R_micro": 1.0,
                        "F1_micro": 1.0,
                        "P_macro_doc": 1.0,
                        "R_macro_doc": 1.0,
                        "F1_macro_doc": 1.0,
                        "P_macro_doc_std": 0.0,
                        "R_macro_doc_std": 0.0,
                        "F1_macro_doc_std": 0.0
                    },
                    "exact": {
                        "correct": 1,
                        "incorrect": 0,
                        "partial": 0,
                        "missed": 0,
                        "spurious": 0,
                        "possible": 1,
                        "actual": 1,
                        "TP": 1,
                        "FP": 0,
                        "FN": 0,
                        "P_micro": 1.0,
                        "R_micro": 1.0,
                        "F1_micro": 1.0,
                        "P_macro_doc": 1.0,
                        "R_macro_doc": 1.0,
                        "F1_macro_doc": 1.0,
                        "P_macro_doc_std": 0.0,
                        "R_macro_doc_std": 0.0,
                        "F1_macro_doc_std": 0.0
                    }
                },
                "OTH": {
                    "partial": {
                        "correct": 0,
                        "incorrect": 0,
                        "partial": 0,
                        "missed": 4,
                        "spurious": 0,
                        "possible": 4,
                        "actual": 0,
                        "TP": 0,
                        "FP": 0,
                        "FN": 4,
                        "P_micro": 0,
                        "R_micro": 0.0,
                        "F1_micro": 0,
                        "P_macro_doc": null,
                        "R_macro_doc": 0.0,
                        "F1_macro_doc": null,
                        "P_macro_doc_std": null,
                        "R_macro_doc_std": 0.0,
                        "F1_macro_doc_std": null
                    },
                    "strict": {
                        "correct": 0,
                        "incorrect": 0,
                        "partial": 0,