{
    "NE-COARSE-LIT": {
        "TIME-ALL": {
            "LED-ALL": {
                "PER": {
                    "partial": {
                        "correct": 6,
                        "incorrect": 0,
                        "partial": 1,
                        "missed": 3,
                        "spurious": 2,
                        "possible": 10,
                        "actual": 9,
                        "TP": 6,
                        "FP": 3,
                        "FN": 4,
                        "P_micro": 0.7222222222222222,
                        "R_micro": 0.65,
                        "F1_micro": 0.6842105263157895,
                        "P_macro_doc": 0.7222222222222222,
                        "R_macro_doc": 0.65,
                        "F1_macro_doc": 0.6842105263157895,
                        "P_macro_doc_std": 0.0,
                        "R_macro_doc_std": 0.0,
                        "F1_macro_doc_std": 0.0
                    },
                    "strict": {
                        "correct": 6,
                        "incorrect": 1,
                        "partial": 0,
                        "missed": 3,
                        "spurious": 2,
                        "possible": 10,
                        "actual": 9,
                        "TP": 6,
                        "FP": 3,
                        "FN": 4,
                        "P_micro": 0.6666666666666666,
                        "R_micro": 0.6,
                        "F1_micro": 0.631578947368421,
                        "P_macro_doc": 0.6666666666666666,
                        "R_macro_doc": 0.6,
                        "F1_macro_doc": 0.631578947368421,
                        "P_macro_doc_std": 0.0,
                        "R_macro_doc_std": 0.0,
                        "F1_macro_doc_std": 0.0
                    },
                    "ent_type": {
                        "correct": 7,
                        "incorrect": 0,
                        "partial": 0,
                        "missed": 3,
                        "spurious": 2,
                        "possible": 10,
                        "actual": 9,
                        "TP": 7,
                        "FP": 2,
                        "FN": 3,
                        "P_micro": 0.7777777777777778,
                        "R_micro": 0.7,
                        "F1_micro": 0.7368421052631577,
                        "P_macro_doc": 0.7777777777777778,
                        "R_macro_doc": 0.7,
                        "F1_macro_doc": 0.7368421052631577,
                        "P_macro_doc_std": 0.0,
                        "R_macro_doc_std": 0.0,
                        "F1_macro_doc_std": 0.0
                    },
                    "exact": {
                        "correct": 6,
                        "incorrect": 1,
                        "partial": 0,
                        "missed": 3,
                        "spurious": 2,
                        "possible": 10,
                        "actual": 9,
                        "TP": 6,
                        "FP": 3,
                        "FN": 4,
                        "P_micro": 0.6666666666666666,
                        "R_micro": 0.6,
                        "F1_micro": 0.631578947368421,
                        "P_macro_doc": 0.6666666666666666,
                        "R_macro_doc": 0.6,
                        "F1_macro_doc": 0.631578947368421,
                        "P_macro_doc_std": 0.0,
                        "R_macro_doc_std": 0.0,
                        "F1_macro_doc_std": 0.0
                    }
                },
                "OTH": {
                    "partial": {
                        "correct": 0,
                        "incorrect": 0,
                        "partial": 0,
                        "missed": 2,
                        "spurious": 0,
                        "possible": 2,
                        "actual": 0,
                        "TP": 0,
                        "FP": 0,
                        "FN": 2,
                        "P_micro": 0,
                        "R_micro": 0.0,
                        "F1_micro": 0,
                        "P_macro_doc": null,
                        "R_macro_doc": 0.0,
                        "F1_macro_doc": null,
                        "P_macro_doc_std": null,
                        "R_macro_doc_std": 0.0,
                        "F1_macro_doc_std": null
                    },
                    "strict": {
                        "correct": 0,
                        "incorrect": 0,
                        "partial": 0,
                        "missed": 2,
                        "spurious": 0,
                        "possible": 2,
                        "actual": 0,
                        "TP": 0,
                        "FP": 0,
                        "FN": 2,
                        "P_micro": 0,
                        "R_micro": 0.0,
                        "F1_micro": 0,
                        "P_macro_doc": null,
                        "R_macro_doc": 0.0,
                        "F1_macro_doc": null,
                        "P_macro_doc_std": null,
                        "R_macro_doc_std": 0.0,
                        "F1_macro_doc_std": null
                    },
                    "ent_type": {
                        "correct": 0,
                        "incorrect": 0,
                        "partial": 0,
                        "missed": 2,
                        "spurious": 0,
                        "possible": 2,
                        "actual": 0,
                        "TP": 0,
                        "FP": 0,
                        "FN": 2,
                        "P_micro": 0,
                        "R_micro": 0.0,
                        "F1_micro": 0,
                        "P_macro_doc": null,
                        "R_macro_doc": 0.0,
                        "F1_macro_doc": null,
                        "P_macro_doc_std": null,
                        "R_macro_doc_std": 0.0,
                        "F1_macro_doc_std": null
                    },
                    "exact": {
                        "correct": 0,
                        "incorrect": 0,
                        "partial": 0,
                        "missed": 2,
                        "spurious": 0,
                        "possible": 2,
                        "actual": 0,
                        "TP": 0,
                        "FP": 0,
                        "FN": 2,
                        "P_micro": 0,
                        "R_micro": 0.0,
                        "F1_micro": 0,
                        "P_macro_doc": null,
                        "R_macro_doc": 0.0,
                        "F1_macro_doc": null,
                        "P_macro_doc_std": null,
                        "R_macro_doc_std": 0.0,
                        "F1_macro_doc_std": null
                    }
                },
                "ALL": {
                    "partial": {
                        "correct": 6,
                        "incorrect": 0,
                        "partial": 1,
                        "missed": 5,
                        "spurious": 2,
                        "possible": 12,
                        "actual": 9,
                        "TP": 6,
                        "FP": 3,
                        "FN": 6,
                        "P_micro": 0.7222222222222222,
                        "R_micro": 0.5416666666666666,
                        "F1_micro": 0.619047619047619,
                        "P_macro_doc": 0.7222222222222222,
                        "R_macro_doc": 0.5416666666666666,
                        "F1_macro_doc": 0.619047619047619,
                        "P_macro_doc_std": 0.0,
                        "R_macro_doc_std": 0.0,
                        "F1_macro_doc_std": 0.0,
                        "P_macro": 0.3611111111111111,
                        "R_macro": 0.325,